Const,Your Rating,Date Rated,Title,URL,Title Type,IMDb Rating,Runtime (mins),Year,Genres,Num Votes,Release Date,Directors
tt1001526,8,2017-09-09,Megamind,https://www.imdb.com/title/tt1001526/,movie,7.3,95,2010,"Animation, Action, Comedy, Crime, Family, Mystery, Sci-Fi, Thriller",275709,2010-10-28,Tom McGrath
tt0100157,9,2017-03-03,Misery,https://www.imdb.com/title/tt0100157/,movie,7.8,107,1990,"Drama, Thriller",220806,1990-11-29,Rob Reiner
tt0100507,5,2017-06-22,Rocky V,https://www.imdb.com/title/tt0100507/,movie,5.3,104,1990,"Drama, Sport",144408,1990-11-13,John G. Avildsen
tt1010048,8,2022-02-28,Slumdog Millionaire,https://www.imdb.com/title/tt1010048/,movie,8.0,120,2008,"Crime, Drama, Romance",858328,2008-08-30,"Loveleen Tandan, Danny Boyle"
tt1013753,10,2017-04-16,Milk,https://www.imdb.com/title/tt1013753/,movie,7.5,128,2008,"Biography, Drama, History",176209,2008-10-28,Gus Van Sant
tt0101414,7,2017-07-10,Beauty and the Beast,https://www.imdb.com/title/tt0101414/,movie,8.0,84,1991,"Animation, Family, Fantasy, Musical, Romance",463988,1991-09-29,"Kirk Wise, Gary Trousdale"
tt0101452,7,2017-01-28,Bill & Ted's Bogus Journey,https://www.imdb.com/title/tt0101452/,movie,6.3,93,1991,"Adventure, Comedy, Fantasy, Music, Sci-Fi",78387,1991-07-19,Peter Hewitt
tt0101507,10,2017-04-25,Boyz n the Hood,https://www.imdb.com/title/tt0101507/,movie,7.8,112,1991,"Crime, Drama",146242,1991-05-13,John Singleton
tt1022603,8,2022-02-28,(500) Days of Summer,https://www.imdb.com/title/tt1022603/,movie,7.7,95,2009,"Comedy, Drama, Romance",530299,2009-01-17,Marc Webb
tt1024648,7,2022-02-28,Argo,https://www.imdb.com/title/tt1024648/,movie,7.7,120,2012,"Biography, Drama, Thriller",624587,2012-08-31,Ben Affleck
tt0102926,9,2022-08-22,The Silence of the Lambs,https://www.imdb.com/title/tt0102926/,movie,8.6,118,1991,"Crime, Drama, Thriller",1466373,1991-01-30,Jonathan Demme
tt0103064,9,2020-06-11,Terminator 2: Judgment Day,https://www.imdb.com/title/tt0103064/,movie,8.6,137,1991,"Action, Sci-Fi",1122157,1991-07-01,James Cameron
tt0103639,9,2019-09-26,Aladdin,https://www.imdb.com/title/tt0103639/,movie,8.0,90,1992,"Animation, Adventure, Comedy, Family, Fantasy, Musical, Romance",436147,1992-11-08,"Ron Clements, John Musker"
tt1049413,7,2017-06-07,Up,https://www.imdb.com/title/tt1049413/,movie,8.3,96,2009,"Animation, Adventure, Comedy, Drama, Family",1068443,2009-05-13,"Pete Docter, Bob Peterson"
tt1051906,7,2020-05-07,The Invisible Man,https://www.imdb.com/title/tt1051906/,movie,7.1,124,2020,"Drama, Horror, Mystery, Sci-Fi, Thriller",237520,2020-02-24,Leigh Whannell
tt0105236,9,2022-07-08,Reservoir Dogs,https://www.imdb.com/title/tt0105236/,movie,8.3,99,1992,"Crime, Thriller",1042126,1992-01-21,Quentin Tarantino
tt0105793,6,2017-05-20,Wayne's World,https://www.imdb.com/title/tt0105793/,movie,7.0,94,1992,"Comedy, Music",163387,1992-02-14,Penelope Spheeris
tt1065073,7,2022-02-28,Boyhood,https://www.imdb.com/title/tt1065073/,movie,7.9,165,2014,Drama,359953,2014-01-19,Richard Linklater
tt0106977,8,2017-03-03,The Fugitive,https://www.imdb.com/title/tt0106977/,movie,7.8,130,1993,"Action, Crime, Drama, Mystery, Thriller",304394,1993-07-29,Andrew Davis
tt0107048,9,2017-01-08,Groundhog Day,https://www.imdb.com/title/tt0107048/,movie,8.0,101,1993,"Comedy, Drama, Fantasy, Romance",650038,1993-02-02,Harold Ramis
tt1070874,7,2020-11-27,The Trial of the Chicago 7,https://www.imdb.com/title/tt1070874/,movie,7.7,129,2020,"Drama, History, Thriller",183881,2020-09-25,Aaron Sorkin
tt0107290,8,2017-01-08,Jurassic Park,https://www.imdb.com/title/tt0107290/,movie,8.2,127,1993,"Action, Adventure, Sci-Fi, Thriller",1013055,1993-06-09,Steven Spielberg
tt0108052,9,2022-04-17,Schindler's List,https://www.imdb.com/title/tt0108052/,movie,9.0,195,1993,"Biography, Drama, History",1384064,1993-11-30,Steven Spielberg
tt0108550,10,2017-03-03,What's Eating Gilbert Grape,https://www.imdb.com/title/tt0108550/,movie,7.7,118,1993,Drama,243998,1993-10-01,Lasse Hallström
tt10872600,9,2022-05-24,Spider-Man: No Way Home,https://www.imdb.com/title/tt10872600/,movie,8.2,148,2021,"Action, Adventure, Fantasy, Sci-Fi",795348,2021-12-13,Jon Watts
tt0108778,10,2017-06-24,Friends,https://www.imdb.com/title/tt0108778/,tvSeries,8.9,22,1994,"Comedy, Romance",1026005,1994-09-22,
tt0109040,6,2022-02-28,Ace Ventura: Pet Detective,https://www.imdb.com/title/tt0109040/,movie,6.9,86,1994,Comedy,311736,1994-02-04,Tom Shadyac
tt0109686,7,2022-02-28,Dumb and Dumber,https://www.imdb.com/title/tt0109686/,movie,7.3,107,1994,Comedy,395713,1994-12-06,"Peter Farrelly, Bobby Farrelly"
tt0109707,7,2017-03-03,Ed Wood,https://www.imdb.com/title/tt0109707/,movie,7.8,127,1994,"Biography, Comedy, Drama",179660,1994-09-24,Tim Burton
tt0109830,10,2017-01-08,Forrest Gump,https://www.imdb.com/title/tt0109830/,movie,8.8,142,1994,"Drama, Romance",2134278,1994-06-23,Robert Zemeckis
tt0110357,8,2017-01-08,The Lion King,https://www.imdb.com/title/tt0110357/,movie,8.5,88,1994,"Animation, Adventure, Drama, Family, Musical",1084178,1994-06-12,"Rob Minkoff, Roger Allers"
tt1104001,8,2017-02-05,Tron,https://www.imdb.com/title/tt1104001/,movie,6.8,125,2010,"Action, Adventure, Sci-Fi",345236,2010-11-30,Joseph Kosinski
tt0110413,10,2017-01-08,Léon,https://www.imdb.com/title/tt0110413/,movie,8.5,110,1994,"Action, Crime, Drama, Thriller",1188373,1994-09-14,Luc Besson
tt0110475,7,2022-02-28,The Mask,https://www.imdb.com/title/tt0110475/,movie,6.9,101,1994,"Action, Comedy, Crime, Fantasy",398789,1994-07-28,Chuck Russell
tt0110912,10,2016-12-31,Pulp Fiction,https://www.imdb.com/title/tt0110912/,movie,8.9,154,1994,"Crime, Drama",2107757,1994-05-21,Quentin Tarantino
tt0111161,10,2016-11-29,The Shawshank Redemption,https://www.imdb.com/title/tt0111161/,movie,9.3,142,1994,Drama,2742949,1994-09-10,Frank Darabont
tt11126994,8,2022-12-12,Arcane: League of Legends,https://www.imdb.com/title/tt11126994/,tvSeries,9.0,41,2021,"Animation, Action, Adventure, Drama, Fantasy, Sci-Fi",228145,2021-11-06,
tt1116184,10,2017-06-24,Jackass 3D,https://www.imdb.com/title/tt1116184/,movie,7.0,94,2010,"Documentary, Action, Comedy",67078,2010-10-11,Jeff Tremaine
tt1117523,8,2017-05-27,Jackass 2.5,https://www.imdb.com/title/tt1117523/,video,6.3,64,2007,"Documentary, Action, Comedy",25031,2007-12-19,Jeff Tremaine
tt1119646,8,2017-03-14,The Hangover,https://www.imdb.com/title/tt1119646/,movie,7.7,100,2009,Comedy,807237,2009-05-30,Todd Phillips
tt0112281,6,2022-02-28,Ace Ventura: When Nature Calls,https://www.imdb.com/title/tt0112281/,movie,6.4,90,1995,"Adventure, Comedy, Crime",224690,1995-11-08,Steve Oedekerk
tt0112384,9,2018-02-13,Apollo 13,https://www.imdb.com/title/tt0112384/,movie,7.7,140,1995,"Adventure, Drama, History",303172,1995-06-22,Ron Howard
tt0112471,10,2020-06-11,Before Sunrise,https://www.imdb.com/title/tt0112471/,movie,8.1,101,1995,"Drama, Romance",320057,1995-01-19,Richard Linklater
tt1125849,9,2017-03-03,The Wrestler,https://www.imdb.com/title/tt1125849/,movie,7.9,109,2008,"Drama, Sport",312813,2008-09-05,Darren Aronofsky
tt1130884,9,2020-06-11,Shutter Island,https://www.imdb.com/title/tt1130884/,movie,8.2,138,2010,"Mystery, Thriller",1359430,2010-02-13,Martin Scorsese
tt0113277,9,2021-02-07,Heat,https://www.imdb.com/title/tt0113277/,movie,8.3,170,1995,"Action, Crime, Drama",674870,1995-12-06,Michael Mann
tt1136608,9,2023-02-24,District 9,https://www.imdb.com/title/tt1136608/,movie,7.9,112,2009,"Action, Sci-Fi, Thriller",694606,2009-08-13,Neill Blomkamp
tt0114369,10,2017-01-08,Se7en,https://www.imdb.com/title/tt0114369/,movie,8.6,127,1995,"Crime, Drama, Mystery, Thriller",1696049,1995-09-15,David Fincher
tt0114709,7,2018-10-16,Toy Story,https://www.imdb.com/title/tt0114709/,movie,8.3,81,1995,"Animation, Adventure, Comedy, Family, Fantasy",1017139,1995-11-19,John Lasseter
tt0114814,10,2018-10-16,The Usual Suspects,https://www.imdb.com/title/tt0114814/,movie,8.5,106,1995,"Crime, Drama, Mystery, Thriller",1103758,1995-01-25,Bryan Singer
tt11564570,6,2023-02-24,Glass Onion,https://www.imdb.com/title/tt11564570/,movie,7.1,139,2022,"Comedy, Crime, Drama, Mystery, Thriller",391347,2022-09-13,Rian Johnson
tt0115798,7,2022-02-28,The Cable Guy,https://www.imdb.com/title/tt0115798/,movie,6.1,96,1996,"Comedy, Drama, Thriller",171025,1996-06-10,Ben Stiller
tt1160419,9,2021-10-31,Dune: Part One,https://www.imdb.com/title/tt1160419/,movie,8.0,155,2021,"Action, Adventure, Drama, Sci-Fi",676073,2021-09-03,Denis Villeneuve
tt0116282,9,2017-01-08,Fargo,https://www.imdb.com/title/tt0116282/,movie,8.1,98,1996,"Crime, Thriller",692294,1996-03-08,"Joel Coen, Ethan Coen"
tt0116477,8,2017-03-03,Hamlet,https://www.imdb.com/title/tt0116477/,movie,7.7,242,1996,Drama,38978,1996-12-25,Kenneth Branagh
tt1170358,10,2017-03-03,The Hobbit: The Desolation of Smaug,https://www.imdb.com/title/tt1170358/,movie,7.8,161,2013,Fantasy,678551,2013-12-02,Peter Jackson
tt1172570,10,2017-03-03,Bronson,https://www.imdb.com/title/tt1172570/,movie,7.0,92,2008,"Action, Crime, Drama",135645,2008-10-31,Nicolas Winding Refn
tt0117571,8,2022-01-14,Scream,https://www.imdb.com/title/tt0117571/,movie,7.4,111,1996,"Horror, Mystery",363705,1996-12-18,Wes Craven
tt0117951,9,2019-01-14,Trainspotting,https://www.imdb.com/title/tt0117951/,movie,8.1,93,1996,Drama,700727,1996-02-23,Danny Boyle
tt1182345,9,2017-03-03,Moon,https://www.imdb.com/title/tt1182345/,movie,7.8,97,2009,"Drama, Mystery, Sci-Fi",366464,2009-01-23,Duncan Jones
tt0118655,7,2017-05-20,Austin Powers: International Man of Mystery,https://www.imdb.com/title/tt0118655/,movie,7.0,94,1997,"Adventure, Comedy",247676,1997-04-29,Jay Roach
tt0118715,9,2018-10-16,The Big Lebowski,https://www.imdb.com/title/tt0118715/,movie,8.1,117,1998,"Comedy, Crime",826619,1998-01-18,"Joel Coen, Ethan Coen"
tt0118749,10,2017-02-20,Boogie Nights,https://www.imdb.com/title/tt0118749/,movie,7.9,155,1997,Drama,272539,1997-09-11,Paul Thomas Anderson
tt0118884,8,2017-01-15,Contact,https://www.imdb.com/title/tt0118884/,movie,7.5,150,1997,"Drama, Mystery, Sci-Fi, Thriller",282523,1997-07-11,Robert Zemeckis
tt0119217,9,2017-01-08,Good Will Hunting,https://www.imdb.com/title/tt0119217/,movie,8.3,126,1997,"Drama, Romance",1002735,1997-12-02,Gus Van Sant
tt0119488,10,2017-06-07,L.A. Confidential,https://www.imdb.com/title/tt0119488/,movie,8.2,138,1997,"Crime, Drama, Mystery, Thriller",592844,1997-05-14,Curtis Hanson
tt0119528,7,2018-01-07,Liar Liar,https://www.imdb.com/title/tt0119528/,movie,6.9,86,1997,"Comedy, Fantasy",318998,1997-03-18,Tom Shadyac
tt0119654,8,2017-06-22,Men in Black,https://www.imdb.com/title/tt0119654/,movie,7.3,98,1997,"Action, Adventure, Comedy, Sci-Fi",584040,1997-06-25,Barry Sonnenfeld
tt0119698,10,2019-03-26,Mononoke-hime,https://www.imdb.com/title/tt0119698/,movie,8.3,134,1997,"Animation, Action, Adventure, Fantasy",406306,1997-07-12,Hayao Miyazaki
tt0120094,5,2017-05-12,Selena,https://www.imdb.com/title/tt0120094/,movie,6.8,127,1997,"Biography, Drama, Music",30248,1997-03-21,Gregory Nava
tt1201607,9,2020-06-11,Harry Potter and the Deathly Hallows: Part 2,https://www.imdb.com/title/tt1201607/,movie,8.1,130,2011,"Adventure, Family, Fantasy, Mystery",899696,2011-07-07,David Yates
tt0120338,10,2017-02-22,Titanic,https://www.imdb.com/title/tt0120338/,movie,7.9,194,1997,"Drama, Romance",1218462,1997-11-01,James Cameron
tt0120363,8,2017-03-03,Toy Story 2,https://www.imdb.com/title/tt0120363/,movie,7.9,92,1999,"Animation, Adventure, Comedy, Family, Fantasy",595077,1999-11-13,"John Lasseter, Lee Unkrich, Ash Brannon"
tt0120382,8,2020-06-11,The Truman Show,https://www.imdb.com/title/tt0120382/,movie,8.2,103,1998,"Comedy, Drama",1115889,1998-06-01,Peter Weir
tt1205489,8,2019-03-28,Gran Torino,https://www.imdb.com/title/tt1205489/,movie,8.1,116,2008,Drama,789146,2008-12-09,Clint Eastwood
tt0120586,10,2017-01-08,American History X,https://www.imdb.com/title/tt0120586/,movie,8.5,119,1998,"Crime, Drama",1142591,1998-07-01,Tony Kaye
tt0120601,10,2017-10-22,Being John Malkovich,https://www.imdb.com/title/tt0120601/,movie,7.7,113,1999,"Comedy, Drama, Fantasy",343774,1999-09-02,Spike Jonze
tt0120689,10,2021-07-03,The Green Mile,https://www.imdb.com/title/tt0120689/,movie,8.6,189,1999,"Crime, Drama, Fantasy, Mystery",1333885,1999-12-06,Frank Darabont
tt0120737,10,2017-01-08,The Lord of the Rings: The Fellowship of the Ring,https://www.imdb.com/title/tt0120737/,movie,8.8,178,2001,"Action, Adventure, Drama, Fantasy",1914383,2001-12-10,Peter Jackson
tt0120815,10,2017-01-08,Saving Private Ryan,https://www.imdb.com/title/tt0120815/,movie,8.6,169,1998,"Drama, War",1422251,1998-07-21,Steven Spielberg
tt0120903,8,2017-06-22,X-Men,https://www.imdb.com/title/tt0120903/,movie,7.3,104,2000,"Action, Adventure, Sci-Fi",627110,2000-07-12,Bryan Singer
tt0120912,7,2017-06-22,Men in Black II,https://www.imdb.com/title/tt0120912/,movie,6.2,88,2002,"Action, Adventure, Comedy, Mystery, Sci-Fi",386463,2002-07-03,Barry Sonnenfeld
tt1211837,8,2023-02-24,Doctor Strange,https://www.imdb.com/title/tt1211837/,movie,7.5,115,2016,"Action, Adventure, Fantasy, Sci-Fi",764892,2016-10-13,Scott Derrickson
tt1219289,8,2019-11-24,Limitless,https://www.imdb.com/title/tt1219289/,movie,7.4,105,2011,"Sci-Fi, Thriller",588733,2011-03-08,Neil Burger
tt1228705,8,2017-05-22,Iron Man 2,https://www.imdb.com/title/tt1228705/,movie,6.9,124,2010,"Action, Sci-Fi",836272,2010-04-26,Jon Favreau
tt1232829,5,2017-02-27,21 Jump Street,https://www.imdb.com/title/tt1232829/,movie,7.2,109,2012,"Action, Comedy, Crime",574498,2012-03-12,"Christopher Miller, Phil Lord"
tt0126029,8,2017-03-03,Shrek,https://www.imdb.com/title/tt0126029/,movie,7.9,90,2001,"Animation, Adventure, Comedy, Family, Fantasy, Romance",699091,2001-04-22,"Vicky Jenson, Andrew Adamson"
tt1270798,8,2023-02-24,X: First Class,https://www.imdb.com/title/tt1270798/,movie,7.7,131,2011,"Action, Sci-Fi",704484,2011-05-25,Matthew Vaughn
tt1285016,10,2017-02-27,The Social Network,https://www.imdb.com/title/tt1285016/,movie,7.8,120,2010,"Biography, Drama",722624,2010-09-24,David Fincher
tt1291584,9,2020-06-11,Warrior,https://www.imdb.com/title/tt1291584/,movie,8.1,140,2011,"Action, Drama, Sport",481546,2011-09-09,Gavin O'Connor
tt0129167,10,2021-07-26,The Iron Giant,https://www.imdb.com/title/tt0129167/,movie,8.1,86,1999,"Animation, Action, Adventure, Comedy, Drama, Family, Sci-Fi",208730,1999-07-31,Brad Bird
tt1300854,8,2017-05-22,Iron Man Three,https://www.imdb.com/title/tt1300854/,movie,7.1,130,2013,"Action, Adventure, Sci-Fi",868796,2013-04-14,Shane Black
tt1306980,10,2017-03-03,50/50,https://www.imdb.com/title/tt1306980/,movie,7.6,100,2011,"Comedy, Drama, Romance",335914,2011-09-12,Jonathan Levine
tt1318514,7,2020-06-11,Rise of the Planet of the Apes,https://www.imdb.com/title/tt1318514/,movie,7.6,105,2011,"Action, Drama, Sci-Fi, Thriller",539981,2011-07-28,Rupert Wyatt
tt1323594,9,2017-03-03,Despicable Me,https://www.imdb.com/title/tt1323594/,movie,7.6,95,2010,"Animation, Adventure, Comedy, Crime, Family, Sci-Fi",560522,2010-06-20,"Chris Renaud, Pierre Coffin"
tt1327801,10,2018-02-16,Glee,https://www.imdb.com/title/tt1327801/,tvSeries,6.8,44,2009,"Comedy, Drama, Music, Musical",151554,2009-05-19,
tt0133093,10,2017-01-08,The Matrix,https://www.imdb.com/title/tt0133093/,movie,8.7,136,1999,"Action, Sci-Fi",1956138,1999-03-24,"Lilly Wachowski, Lana Wachowski"
tt1345836,8,2022-08-22,The Dark Knight Rises,https://www.imdb.com/title/tt1345836/,movie,8.4,164,2012,"Action, Drama, Thriller",1740234,2012-07-16,Christopher Nolan
tt1355644,8,2017-08-03,Passengers,https://www.imdb.com/title/tt1355644/,movie,7.0,116,2016,"Drama, Romance, Sci-Fi, Thriller",421060,2016-12-14,Morten Tyldum
tt0137523,10,2017-01-08,Fight Club,https://www.imdb.com/title/tt0137523/,movie,8.8,139,1999,Drama,2184289,1999-09-10,David Fincher
tt1375666,10,2017-01-08,Inception,https://www.imdb.com/title/tt1375666/,movie,8.8,148,2010,"Action, Adventure, Sci-Fi, Thriller",2410794,2010-07-08,Christopher Nolan
tt1386697,7,2017-02-19,Suicide Squad,https://www.imdb.com/title/tt1386697/,movie,5.9,123,2016,"Action, Adventure, Fantasy, Sci-Fi",698873,2016-08-01,David Ayer
tt1392190,8,2020-06-11,Mad Max: Fury Road,https://www.imdb.com/title/tt1392190/,movie,8.1,120,2015,"Action, Adventure, Sci-Fi, Thriller",1029147,2015-05-07,George Miller
tt1392214,10,2020-06-11,Prisoners,https://www.imdb.com/title/tt1392214/,movie,8.1,153,2013,"Crime, Drama, Mystery, Thriller",744864,2013-08-30,Denis Villeneuve
tt1396218,7,2022-02-28,Mr. Popper's Penguins,https://www.imdb.com/title/tt1396218/,movie,6.0,94,2011,"Comedy, Family, Fantasy",101348,2011-06-16,Mark Waters
tt1396484,6,2020-06-11,It,https://www.imdb.com/title/tt1396484/,movie,7.3,135,2017,Horror,568915,2017-09-05,Andy Muschietti
tt1408101,8,2017-03-03,Star Trek Into Darkness,https://www.imdb.com/title/tt1408101/,movie,7.7,132,2013,"Action, Adventure, Sci-Fi",489137,2013-05-02,J.J. Abrams
tt1409024,7,2017-06-22,Men in Black 3,https://www.imdb.com/title/tt1409024/,movie,6.8,106,2012,"Action, Adventure, Comedy, Sci-Fi",372746,2012-05-14,Barry Sonnenfeld
tt14152756,9,2021-10-29,Seaspiracy,https://www.imdb.com/title/tt14152756/,movie,8.1,89,2021,"Documentary, Adventure",32529,2021-03-24,Ali Tabrizi
tt0141842,10,2023-05-24,The Sopranos,https://www.imdb.com/title/tt0141842/,tvSeries,9.2,55,1999,"Crime, Drama",423083,1999-01-10,
tt1430132,6,2017-06-22,The Wolverine,https://www.imdb.com/title/tt1430132/,movie,6.7,126,2013,"Action, Sci-Fi",477380,2013-07-16,James Mangold
tt1431045,10,2017-03-01,Deadpool,https://www.imdb.com/title/tt1431045/,movie,8.0,108,2016,"Action, Comedy",1066754,2016-01-21,Tim Miller
tt1436562,5,2017-09-09,Rio,https://www.imdb.com/title/tt1436562/,movie,6.9,96,2011,"Animation, Adventure, Comedy, Family, Music, Musical",236653,2011-03-22,Carlos Saldanha
tt0144084,10,2017-03-03,American Psycho,https://www.imdb.com/title/tt0144084/,movie,7.6,102,2000,"Crime, Drama, Horror",655257,2000-01-21,Mary Harron
tt1453405,7,2017-10-02,Monsters University,https://www.imdb.com/title/tt1453405/,movie,7.2,104,2013,"Animation, Adventure, Comedy, Family, Fantasy",371032,2013-06-05,Dan Scanlon
tt1454468,9,2017-02-05,Gravity,https://www.imdb.com/title/tt1454468/,movie,7.7,91,2013,"Drama, Sci-Fi, Thriller",840315,2013-08-28,Alfonso Cuarón
tt0145487,8,2017-06-22,Spider-Man,https://www.imdb.com/title/tt0145487/,movie,7.4,121,2002,"Action, Adventure, Sci-Fi",837572,2002-04-30,Sam Raimi
tt0145660,6,2017-05-20,Austin Powers: The Spy Who Shagged Me,https://www.imdb.com/title/tt0145660/,movie,6.6,95,1999,"Action, Adventure, Comedy, Crime",240236,1999-06-08,Jay Roach
tt1457767,7,2023-02-24,The Conjuring,https://www.imdb.com/title/tt1457767/,movie,7.5,112,2013,"Horror, Mystery, Thriller",524477,2013-06-08,James Wan
tt1462758,7,2020-12-13,Buried,https://www.imdb.com/title/tt1462758/,movie,7.0,95,2010,"Drama, Mystery, Thriller",164487,2010-01-23,Rodrigo Cortés
tt1475582,8,2022-12-12,Sherlock,https://www.imdb.com/title/tt1475582/,tvSeries,9.1,88,2010,"Crime, Drama, Mystery, Thriller",950361,2010-07-22,
tt1535109,9,2017-03-03,Captain Phillips,https://www.imdb.com/title/tt1535109/,movie,7.8,134,2013,"Action, Biography, Crime, Drama, Thriller",472908,2013-09-27,Paul Greengrass
tt1542344,10,2017-10-21,127 Hours,https://www.imdb.com/title/tt1542344/,movie,7.5,94,2010,"Biography, Drama",386444,2010-09-04,Danny Boyle
tt1568346,8,2022-02-28,The Girl with the Dragon Tattoo,https://www.imdb.com/title/tt1568346/,movie,7.8,158,2011,"Crime, Drama, Mystery, Thriller",474022,2011-12-12,David Fincher
tt1586680,7,2022-07-29,Shameless,https://www.imdb.com/title/tt1586680/,tvSeries,8.6,46,2011,"Comedy, Drama",254664,2011-01-09,
tt1591095,7,2023-02-24,Insidious,https://www.imdb.com/title/tt1591095/,movie,6.8,103,2010,"Horror, Mystery, Thriller",318646,2010-09-14,James Wan
tt1596363,8,2022-02-28,The Big Short,https://www.imdb.com/title/tt1596363/,movie,7.8,130,2015,"Biography, Comedy, Drama, History",446399,2015-11-12,Adam McKay
tt0162222,10,2017-03-03,Cast Away,https://www.imdb.com/title/tt0162222/,movie,7.8,143,2000,"Adventure, Drama, Romance",608893,2000-12-07,Robert Zemeckis
tt1631867,10,2017-02-27,Edge of Tomorrow,https://www.imdb.com/title/tt1631867/,movie,7.9,113,2014,"Action, Adventure, Sci-Fi",698632,2014-05-28,Doug Liman
tt0163651,9,2017-10-22,American Pie,https://www.imdb.com/title/tt0163651/,movie,7.0,95,1999,Comedy,417433,1999-07-07,"Paul Weitz, Chris Weitz"
tt1650062,7,2020-06-11,Super 8,https://www.imdb.com/title/tt1650062/,movie,7.0,112,2011,"Action, Mystery, Sci-Fi, Thriller",360688,2011-06-09,J.J. Abrams
tt1659337,9,2020-06-26,The Perks of Being a Wallflower,https://www.imdb.com/title/tt1659337/,movie,7.9,103,2012,Drama,526029,2012-09-08,Stephen Chbosky
tt0165982,10,2021-05-26,Sinbad: Legend of the Seven Seas,https://www.imdb.com/title/tt0165982/,movie,6.7,88,2003,"Animation, Adventure, Comedy, Family, Fantasy",56874,2003-06-22,"Tim Johnson, Patrick Gilmore"
tt1663202,10,2017-02-27,The Revenant,https://www.imdb.com/title/tt1663202/,movie,8.0,156,2015,"Action, Adventure, Drama, Western",827180,2015-12-16,Alejandro G. Iñárritu
tt1663662,6,2020-12-13,Pacific Rim,https://www.imdb.com/title/tt1663662/,movie,6.9,131,2013,"Action, Adventure, Sci-Fi",512875,2013-07-01,Guillermo del Toro
tt0167260,10,2017-01-15,The Lord of the Rings: The Return of the King,https://www.imdb.com/title/tt0167260/,movie,9.0,201,2003,"Action, Adventure, Drama, Fantasy",1885655,2003-12-01,Peter Jackson
tt0167261,10,2017-01-08,The Lord of the Rings: The Two Towers,https://www.imdb.com/title/tt0167261/,movie,8.8,179,2002,"Action, Adventure, Drama, Fantasy",1702049,2002-12-05,Peter Jackson
tt1675434,9,2022-07-08,Intouchables,https://www.imdb.com/title/tt1675434/,movie,8.5,112,2011,"Biography, Comedy, Drama",880838,2011-09-23,"Olivier Nakache, Éric Toledano"
tt1677720,7,2018-04-17,Ready Player One,https://www.imdb.com/title/tt1677720/,movie,7.4,140,2018,"Action, Adventure, Sci-Fi",453512,2018-03-11,Steven Spielberg
tt16899584,10,2022-02-27,The Beatles: Get Back - The Rooftop Concert,https://www.imdb.com/title/tt16899584/,movie,9.0,65,2022,"Documentary, Music",1251,2022-01-30,Peter Jackson
tt0169547,10,2017-03-13,American Beauty,https://www.imdb.com/title/tt0169547/,movie,8.3,122,1999,Drama,1172986,1999-09-08,Sam Mendes
tt1706593,8,2020-06-11,Chronicle,https://www.imdb.com/title/tt1706593/,movie,7.0,89,2012,"Action, Drama, Sci-Fi, Thriller",256615,2012-01-28,Josh Trank
tt1710308,8,2022-07-25,Regular Show,https://www.imdb.com/title/tt1710308/,tvSeries,8.5,23,2010,"Animation, Action, Adventure, Comedy, Family, Fantasy, Sci-Fi",50120,2010-09-06,
tt0172495,10,2017-06-23,Gladiator,https://www.imdb.com/title/tt0172495/,movie,8.5,155,2000,"Action, Adventure, Drama",1534936,2000-05-01,Ridley Scott
tt1731141,8,2017-04-16,Ender's Game,https://www.imdb.com/title/tt1731141/,movie,6.6,114,2013,"Action, Adventure, Sci-Fi",246421,2013-10-24,Gavin Hood
tt1745960,9,2022-07-10,Top Gun: Maverick,https://www.imdb.com/title/tt1745960/,movie,8.3,130,2022,"Action, Drama",586690,2022-05-18,Joseph Kosinski
tt1772341,8,2017-03-03,Wreck-It Ralph,https://www.imdb.com/title/tt1772341/,movie,7.7,101,2012,"Animation, Adventure, Comedy, Family, Fantasy, Sci-Fi",436395,2012-11-01,Rich Moore
tt1790809,5,2017-10-27,Pirates of the Caribbean: Dead Men Tell No Tales,https://www.imdb.com/title/tt1790809/,movie,6.5,129,2017,"Action, Adventure, Fantasy",324191,2017-05-11,"Espen Sandberg, Joachim Rønning"
tt1790864,5,2023-02-24,The Maze Runner,https://www.imdb.com/title/tt1790864/,movie,6.8,113,2014,"Action, Mystery, Sci-Fi, Thriller",483250,2014-09-11,Wes Ball
tt1798709,10,2017-07-09,Her,https://www.imdb.com/title/tt1798709/,movie,8.0,126,2013,"Drama, Romance, Sci-Fi",635382,2013-10-12,Spike Jonze
tt0180093,10,2019-03-25,Requiem for a Dream,https://www.imdb.com/title/tt0180093/,movie,8.3,102,2000,Drama,861040,2000-05-14,Darren Aronofsky
tt1809398,10,2016-12-26,Unbroken,https://www.imdb.com/title/tt1809398/,movie,7.2,137,2014,"Action, Biography, Drama, Sport, War",173875,2014-11-17,Angelina Jolie
tt1815862,7,2017-10-21,After Earth,https://www.imdb.com/title/tt1815862/,movie,4.8,100,2013,"Action, Adventure, Sci-Fi",204969,2013-05-01,M. Night Shyamalan
tt1823672,6,2023-02-24,Chappie,https://www.imdb.com/title/tt1823672/,movie,6.8,120,2015,"Action, Crime, Drama, Sci-Fi, Thriller",259386,2015-03-04,Neill Blomkamp
tt1825683,7,2018-04-17,Black Panther,https://www.imdb.com/title/tt1825683/,movie,7.3,134,2018,"Action, Adventure, Sci-Fi",801317,2018-01-29,Ryan Coogler
tt1837492,10,2017-06-24,13 Reasons Why,https://www.imdb.com/title/tt1837492/,tvSeries,7.5,60,2017,"Drama, Mystery, Thriller",302203,2017-03-31,
tt1843866,9,2017-05-22,Captain America: The Winter Soldier,https://www.imdb.com/title/tt1843866/,movie,7.8,136,2014,"Action, Adventure, Sci-Fi, Thriller",865967,2014-03-13,"Anthony Russo, Joe Russo"
tt1853728,9,2021-06-29,Django Unchained,https://www.imdb.com/title/tt1853728/,movie,8.4,165,2012,"Drama, Western",1597838,2012-12-11,Quentin Tarantino
tt1856101,8,2022-02-28,Blade Runner 2049,https://www.imdb.com/title/tt1856101/,movie,8.0,164,2017,"Action, Drama, Mystery, Sci-Fi, Thriller",602852,2017-10-03,Denis Villeneuve
tt0185906,10,2022-02-28,Band of Brothers,https://www.imdb.com/title/tt0185906/,tvMiniSeries,9.4,594,2001,"Drama, History, War",483910,2001-09-09,
tt1865718,10,2017-06-24,Gravity Falls,https://www.imdb.com/title/tt1865718/,tvSeries,8.9,23,2012,"Animation, Adventure, Comedy, Family, Fantasy, Horror",118356,2012-06-14,
tt1872181,7,2017-06-22,The Amazing Spider-Man 2,https://www.imdb.com/title/tt1872181/,movie,6.6,142,2014,"Action, Adventure, Sci-Fi",512211,2014-04-10,Marc Webb
tt1877832,10,2017-05-22,X-Men: Days of Future Past,https://www.imdb.com/title/tt1877832/,movie,7.9,132,2014,"Action, Adventure, Sci-Fi, Thriller",724675,2014-05-10,Bryan Singer
tt1895587,8,2021-07-26,Spotlight,https://www.imdb.com/title/tt1895587/,movie,8.1,129,2015,"Biography, Crime, Drama",481860,2015-09-03,Tom McCarthy
tt1950186,8,2020-06-11,Ford v Ferrari,https://www.imdb.com/title/tt1950186/,movie,8.1,152,2019,"Action, Biography, Drama, Sport",417747,2019-08-30,James Mangold
tt1951264,8,2023-02-24,The Hunger Games: Catching Fire,https://www.imdb.com/title/tt1951264/,movie,7.5,146,2013,"Action, Adventure, Sci-Fi, Thriller",683299,2013-11-11,Francis Lawrence
tt1951266,7,2023-02-24,The Hunger Games: Mockingjay - Part 2,https://www.imdb.com/title/tt1951266/,movie,6.5,137,2015,"Action, Adventure, Sci-Fi, Thriller",342788,2015-11-04,Francis Lawrence
tt1964418,7,2017-05-03,Tomorrowland,https://www.imdb.com/title/tt1964418/,movie,6.4,130,2015,"Action, Adventure, Family, Fantasy, Mystery, Sci-Fi",186227,2015-05-09,Brad Bird
tt1979320,9,2020-06-11,Rush,https://www.imdb.com/title/tt1979320/,movie,8.1,123,2013,"Action, Biography, Drama, Sport",490758,2013-09-02,Ron Howard
tt1981115,8,2017-05-22,Thor: The Dark World,https://www.imdb.com/title/tt1981115/,movie,6.8,112,2013,"Action, Adventure, Fantasy",699159,2013-10-22,Alan Taylor
tt1985966,7,2017-09-09,Cloudy with a Chance of Meatballs 2,https://www.imdb.com/title/tt1985966/,movie,6.3,95,2013,"Animation, Adventure, Comedy, Family, Fantasy, Sci-Fi",108407,2013-09-26,"Cody Cameron, Kris Pearn"
tt0198781,8,2018-10-16,"Monsters, Inc.",https://www.imdb.com/title/tt0198781/,movie,8.1,92,2001,"Animation, Adventure, Comedy, Family, Fantasy",931202,2001-10-28,"Pete Docter, David Silverman, Lee Unkrich"
tt2015381,9,2017-02-27,Guardians of the Galaxy,https://www.imdb.com/title/tt2015381/,movie,8.0,121,2014,"Action, Adventure, Comedy, Sci-Fi",1215087,2014-07-21,James Gunn
tt2024544,10,2017-01-08,12 Years a Slave,https://www.imdb.com/title/tt2024544/,movie,8.1,134,2013,"Biography, Drama, History",715310,2013-08-30,Steve McQueen
tt0206634,10,2017-03-03,Children of Men,https://www.imdb.com/title/tt0206634/,movie,7.9,109,2006,"Action, Drama, Sci-Fi, Thriller",511381,2006-09-03,Alfonso Cuarón
tt2084970,9,2021-07-26,The Imitation Game,https://www.imdb.com/title/tt2084970/,movie,8.0,114,2014,"Biography, Drama, Thriller, War",788426,2014-08-29,Morten Tyldum
tt2085059,10,2019-02-06,Black Mirror,https://www.imdb.com/title/tt2085059/,tvSeries,8.8,60,2011,"Drama, Mystery, Sci-Fi, Thriller",572590,2011-12-04,
tt0209144,10,2018-01-12,Memento,https://www.imdb.com/title/tt0209144/,movie,8.4,113,2000,"Mystery, Thriller",1262595,2000-09-05,Christopher Nolan
tt2096672,4,2022-02-28,Dumb and Dumber To,https://www.imdb.com/title/tt2096672/,movie,5.6,109,2014,Comedy,140925,2014-11-03,"Peter Farrelly, Bobby Farrelly"
tt2096673,6,2021-07-26,Inside Out,https://www.imdb.com/title/tt2096673/,movie,8.1,95,2015,"Animation, Adventure, Comedy, Drama, Family, Fantasy",735528,2015-05-18,"Pete Docter, Ronnie Del Carmen"
tt2103281,8,2023-02-24,Dawn of the Planet of the Apes,https://www.imdb.com/title/tt2103281/,movie,7.6,130,2014,"Action, Adventure, Drama, Sci-Fi, Thriller",451446,2014-06-26,Matt Reeves
tt2119532,8,2020-06-11,Hacksaw Ridge,https://www.imdb.com/title/tt2119532/,movie,8.1,139,2016,"Biography, Drama, History, War",548906,2016-09-04,Mel Gibson
tt0212671,9,2022-04-17,Malcolm in the Middle,https://www.imdb.com/title/tt0212671/,tvSeries,8.2,22,2000,"Comedy, Family",135795,2000-01-09,
tt2140479,9,2017-03-01,The Accountant,https://www.imdb.com/title/tt2140479/,movie,7.3,128,2016,"Action, Thriller",304910,2016-10-03,Gavin O'Connor
tt0221027,10,2017-03-03,Blow,https://www.imdb.com/title/tt0221027/,movie,7.5,124,2001,"Biography, Crime, Drama",266866,2001-03-29,Ted Demme
tt2245084,8,2017-03-03,Big Hero 6,https://www.imdb.com/title/tt2245084/,movie,7.8,102,2014,"Animation, Action, Adventure, Comedy, Crime, Family, Mystery, Sci-Fi",476073,2014-10-23,"Chris Williams, Don Hall"
tt2250912,9,2017-07-29,Spider-Man: Homecoming,https://www.imdb.com/title/tt2250912/,movie,7.4,133,2017,"Action, Adventure, Sci-Fi",679220,2017-06-28,Jon Watts
tt2267998,10,2017-10-20,Gone Girl,https://www.imdb.com/title/tt2267998/,movie,8.1,149,2014,"Drama, Mystery, Thriller",1007839,2014-09-26,David Fincher
tt2278388,10,2021-07-26,The Grand Budapest Hotel,https://www.imdb.com/title/tt2278388/,movie,8.1,99,2014,"Adventure, Comedy, Crime",837714,2014-02-06,Wes Anderson
tt2283362,8,2018-01-10,Jumanji: Welcome to the Jungle,https://www.imdb.com/title/tt2283362/,movie,6.9,119,2017,"Action, Adventure, Comedy, Fantasy",396417,2017-12-05,Jake Kasdan
tt2294629,6,2022-02-28,Frozen,https://www.imdb.com/title/tt2294629/,movie,7.4,102,2013,"Animation, Adventure, Comedy, Family, Fantasy, Musical",639037,2013-11-10,"Jennifer Lee, Chris Buck"
tt2297757,9,2022-12-12,Nathan for You,https://www.imdb.com/title/tt2297757/,tvSeries,8.9,30,2013,"Documentary, Comedy",33852,2013-02-28,
tt0230600,6,2020-05-07,The Others,https://www.imdb.com/title/tt0230600/,movie,7.6,101,2001,"Horror, Mystery, Thriller",376430,2001-08-02,Alejandro Amenábar
tt0234215,10,2017-02-25,The Matrix Reloaded,https://www.imdb.com/title/tt0234215/,movie,7.2,138,2003,"Action, Sci-Fi",608240,2003-05-07,"Lilly Wachowski, Lana Wachowski"
tt2356777,10,2022-02-28,True Detective,https://www.imdb.com/title/tt2356777/,tvSeries,8.9,55,2014,"Crime, Drama, Mystery, Thriller",594611,2014-01-12,
tt2372162,10,2017-06-25,Orange Is the New Black,https://www.imdb.com/title/tt2372162/,tvSeries,8.1,59,2013,"Comedy, Crime, Drama",309608,2013-07-11,
tt2379713,7,2017-02-28,Spectre,https://www.imdb.com/title/tt2379713/,movie,6.8,148,2015,"Action, Adventure, Thriller",450631,2015-10-26,Sam Mendes
tt2380307,4,2022-07-08,Coco,https://www.imdb.com/title/tt2380307/,movie,8.4,105,2017,"Animation, Adventure, Comedy, Family, Fantasy, Music, Mystery",533113,2017-10-20,"Adrian Molina, Lee Unkrich"
tt0238380,8,2017-02-25,Equilibrium,https://www.imdb.com/title/tt0238380/,movie,7.3,107,2002,"Action, Drama, Sci-Fi, Thriller",338213,2002-12-06,Kurt Wimmer
tt2395427,8,2017-05-22,Avengers: Age of Ultron,https://www.imdb.com/title/tt2395427/,movie,7.3,141,2015,"Action, Adventure, Sci-Fi",884851,2015-04-13,Joss Whedon
tt0241527,7,2023-02-24,Harry Potter and the Sorcerer's Stone,https://www.imdb.com/title/tt0241527/,movie,7.6,152,2001,"Adventure, Family, Fantasy",808489,2001-11-04,Chris Columbus
tt0242653,10,2017-02-25,The Matrix Revolutions,https://www.imdb.com/title/tt0242653/,movie,6.7,129,2003,"Action, Sci-Fi",525270,2003-10-16,"Lilly Wachowski, Lana Wachowski"
tt0245429,9,2017-01-08,Sen to Chihiro no kamikakushi,https://www.imdb.com/title/tt0245429/,movie,8.6,125,2001,"Animation, Adventure, Family, Fantasy, Mystery",788817,2001-07-20,Hayao Miyazaki
tt0246578,8,2021-07-26,Donnie Darko,https://www.imdb.com/title/tt0246578/,movie,8.0,113,2001,"Drama, Mystery, Sci-Fi, Thriller",818978,2001-01-19,Richard Kelly
tt0252866,7,2017-10-22,American Pie 2,https://www.imdb.com/title/tt0252866/,movie,6.4,108,2001,Comedy,262342,2001-08-06,J.B. Rogers
tt0253474,9,2017-06-04,The Pianist,https://www.imdb.com/title/tt0253474/,movie,8.5,150,2002,"Biography, Drama, Music, War",855230,2002-05-24,Roman Polanski
tt2543164,10,2016-12-25,Arrival,https://www.imdb.com/title/tt2543164/,movie,7.9,116,2016,"Drama, Mystery, Sci-Fi",718179,2016-09-01,Denis Villeneuve
tt2543472,7,2017-12-21,Wonder,https://www.imdb.com/title/tt2543472/,movie,7.9,113,2017,"Drama, Family",170319,2017-11-14,Stephen Chbosky
tt2582802,10,2017-01-08,Whiplash,https://www.imdb.com/title/tt2582802/,movie,8.5,106,2014,"Drama, Music",903117,2014-01-16,Damien Chazelle
tt2582846,9,2017-03-03,The Fault in Our Stars,https://www.imdb.com/title/tt2582846/,movie,7.7,126,2014,"Drama, Romance",386907,2014-05-16,Josh Boone
tt0258463,9,2017-03-03,The Bourne Identity,https://www.imdb.com/title/tt0258463/,movie,7.9,119,2002,"Action, Mystery, Thriller",558496,2002-06-06,Doug Liman
tt0264464,8,2020-06-11,Catch Me If You Can,https://www.imdb.com/title/tt0264464/,movie,8.1,141,2002,"Biography, Crime, Drama",1020023,2002-12-16,Steven Spielberg
tt0265086,9,2022-02-28,Black Hawk Down,https://www.imdb.com/title/tt0265086/,movie,7.7,144,2001,"Action, Drama, History, War",406838,2001-12-18,Ridley Scott
tt0266543,8,2017-01-08,Finding Nemo,https://www.imdb.com/title/tt0266543/,movie,8.2,100,2003,"Animation, Adventure, Comedy, Family",1065616,2003-05-18,"Andrew Stanton, Lee Unkrich"
tt0266697,9,2017-01-08,Kill Bill: Vol. 1,https://www.imdb.com/title/tt0266697/,movie,8.2,111,2003,"Action, Crime, Drama, Thriller",1139944,2003-09-29,Quentin Tarantino
tt0268380,8,2017-10-02,Ice Age,https://www.imdb.com/title/tt0268380/,movie,7.5,81,2002,"Animation, Adventure, Comedy, Family",496193,2002-03-12,"Chris Wedge, Carlos Saldanha"
tt0268978,10,2020-06-11,A Beautiful Mind,https://www.imdb.com/title/tt0268978/,movie,8.2,135,2001,"Biography, Drama",949763,2001-12-13,Ron Howard
tt2713180,9,2017-03-03,Fury,https://www.imdb.com/title/tt2713180/,movie,7.5,134,2014,"Action, Drama, War",511743,2014-10-15,David Ayer
tt2719848,9,2018-01-17,Everest,https://www.imdb.com/title/tt2719848/,movie,7.1,121,2015,"Action, Adventure, Biography, Drama, Thriller",223797,2015-09-02,Baltasar Kormákur
tt0027977,9,2021-02-07,Modern Times,https://www.imdb.com/title/tt0027977/,movie,8.5,87,1936,"Comedy, Drama, Romance",248154,1936-02-05,Charles Chaplin
tt2802144,9,2017-10-27,Kingsman: The Secret Service,https://www.imdb.com/title/tt2802144/,movie,7.7,129,2014,"Action, Adventure, Comedy, Thriller",685759,2014-12-13,Matthew Vaughn
tt2802850,9,2022-12-12,Fargo,https://www.imdb.com/title/tt2802850/,tvSeries,8.9,53,2014,"Crime, Drama, Thriller",383322,2014-04-15,
tt2861424,9,2022-12-12,Rick and Morty,https://www.imdb.com/title/tt2861424/,tvSeries,9.1,23,2013,"Animation, Adventure, Comedy, Sci-Fi",551390,2013-12-02,
tt2872718,10,2017-10-20,Nightcrawler,https://www.imdb.com/title/tt2872718/,movie,7.8,117,2014,"Crime, Drama, Thriller",569006,2014-09-05,Dan Gilroy
tt0289043,10,2017-03-03,28 Days Later...,https://www.imdb.com/title/tt0289043/,movie,7.5,113,2002,"Drama, Horror, Sci-Fi, Thriller",424823,2002-11-01,Danny Boyle
tt0290334,8,2017-06-22,X2,https://www.imdb.com/title/tt0290334/,movie,7.4,134,2003,"Action, Sci-Fi, Thriller",560623,2003-04-24,Bryan Singer
tt2911666,8,2017-06-22,John Wick,https://www.imdb.com/title/tt2911666/,movie,7.4,101,2014,"Action, Crime, Thriller",692191,2014-09-19,"David Leitch, Chad Stahelski"
tt2948356,6,2021-07-26,Zootopia,https://www.imdb.com/title/tt2948356/,movie,8.0,108,2016,"Animation, Adventure, Comedy, Crime, Family, Mystery",515805,2016-02-10,"Rich Moore, Jared Bush, Byron Howard"
tt0295178,5,2017-05-20,Austin Powers in Goldmember,https://www.imdb.com/title/tt0295178/,movie,6.2,94,2002,"Action, Adventure, Comedy, Crime",215698,2002-07-22,Jay Roach
tt0295297,6,2023-02-24,Harry Potter and the Chamber of Secrets,https://www.imdb.com/title/tt0295297/,movie,7.4,161,2002,"Adventure, Family, Fantasy, Mystery",655959,2002-11-03,Chris Columbus
tt2975590,7,2017-10-22,Batman v Superman: Dawn of Justice,https://www.imdb.com/title/tt2975590/,movie,6.4,151,2016,"Action, Adventure, Sci-Fi",711849,2016-03-12,Zack Snyder
tt0298130,7,2023-02-24,The Ring,https://www.imdb.com/title/tt0298130/,movie,7.1,115,2002,"Horror, Mystery",359827,2002-10-02,Gore Verbinski
tt3032476,10,2022-07-25,Better Call Saul,https://www.imdb.com/title/tt3032476/,tvSeries,8.9,46,2015,"Crime, Drama",575026,2015-02-08,
tt0304141,9,2023-02-24,Harry Potter and the Prisoner of Azkaban,https://www.imdb.com/title/tt0304141/,movie,7.9,142,2004,"Adventure, Family, Fantasy, Mystery",654952,2004-05-23,Alfonso Cuarón
tt0306414,10,2023-05-24,The Wire,https://www.imdb.com/title/tt0306414/,tvSeries,9.3,59,2002,"Crime, Drama, Thriller",352610,2002-06-02,
tt3076658,9,2017-03-03,Creed,https://www.imdb.com/title/tt3076658/,movie,7.6,133,2015,"Action, Drama, Sport",296367,2015-11-19,Ryan Coogler
tt0316654,8,2017-06-22,Spider-Man 2,https://www.imdb.com/title/tt0316654/,movie,7.4,127,2004,"Action, Adventure, Sci-Fi",671751,2004-06-25,Sam Raimi
tt0317219,7,2021-07-03,Cars,https://www.imdb.com/title/tt0317219/,movie,7.2,117,2006,"Animation, Adventure, Comedy, Family, Sport",438500,2006-03-14,"John Lasseter, Joe Ranft"
tt0317248,10,2017-01-08,Cidade de Deus,https://www.imdb.com/title/tt0317248/,movie,8.6,130,2002,"Crime, Drama",770377,2002-05-18,"Kátia Lund, Fernando Meirelles"
tt0317705,9,2017-10-02,The Incredibles,https://www.imdb.com/title/tt0317705/,movie,8.0,115,2004,"Animation, Action, Adventure, Family",760588,2004-10-27,Brad Bird
tt3183660,10,2017-03-01,Fantastic Beasts and Where to Find Them,https://www.imdb.com/title/tt3183660/,movie,7.2,132,2016,"Adventure, Family, Fantasy",488024,2016-11-08,David Yates
tt0032138,7,2017-07-16,The Wizard of Oz,https://www.imdb.com/title/tt0032138/,movie,8.1,102,1939,"Adventure, Family, Fantasy, Musical",410105,1939-08-10,"Mervyn LeRoy, King Vidor, George Cukor, Norman Taurog, Victor Fleming, Richard Thorpe"
tt0322802,10,2017-06-24,Jackass: The Movie,https://www.imdb.com/title/tt0322802/,movie,6.6,85,2002,"Documentary, Action, Comedy",98643,2002-10-21,Jeff Tremaine
tt3228774,6,2021-07-03,Cruella,https://www.imdb.com/title/tt3228774/,movie,7.3,134,2021,"Adventure, Comedy, Crime, Drama",244633,2021-05-18,Craig Gillespie
tt0032455,6,2017-03-23,Fantasia,https://www.imdb.com/title/tt0032455/,movie,7.7,124,1940,"Animation, Family, Fantasy, Music, Musical",99689,1940-11-13,"Samuel Armstrong, Ben Sharpsteen, Hamilton Luske, Paul Satterfield, James Algar, Jim Handley, David Hand, Ford Beebe Jr., Wilfred Jackson, T. Hee, Bill Roberts, Norman Ferguson"
tt0325980,7,2018-10-16,Pirates of the Caribbean: The Curse of the Black Pearl,https://www.imdb.com/title/tt0325980/,movie,8.1,143,2003,"Action, Adventure, Fantasy",1152700,2003-06-28,Gore Verbinski
tt0327056,8,2019-11-24,Mystic River,https://www.imdb.com/title/tt0327056/,movie,7.9,138,2003,"Crime, Drama, Mystery, Thriller",467420,2003-05-23,Clint Eastwood
tt0327084,7,2017-09-09,Over the Hedge,https://www.imdb.com/title/tt0327084/,movie,6.7,83,2006,"Animation, Adventure, Comedy, Family",182229,2006-04-22,"Tim Johnson, Karey Kirkpatrick"
tt0330373,8,2023-02-24,Harry Potter and the Goblet of Fire,https://www.imdb.com/title/tt0330373/,movie,7.7,157,2005,"Adventure, Family, Fantasy, Mystery",646325,2005-11-06,Mike Newell
tt3315342,10,2017-03-05,Logan,https://www.imdb.com/title/tt3315342/,movie,8.1,137,2017,"Action, Drama, Sci-Fi, Thriller",786674,2017-02-17,James Mangold
tt0338013,9,2018-10-16,Eternal Sunshine of the Spotless Mind,https://www.imdb.com/title/tt0338013/,movie,8.3,108,2004,"Drama, Romance, Sci-Fi",1030581,2004-03-09,Michel Gondry
tt3385516,7,2017-03-01,X-Men: Apocalypse,https://www.imdb.com/title/tt3385516/,movie,6.9,144,2016,"Action, Adventure, Sci-Fi",445553,2016-05-09,Bryan Singer
tt0338751,10,2017-03-03,The Aviator,https://www.imdb.com/title/tt0338751/,movie,7.5,170,2004,"Biography, Drama",370979,2004-12-14,Martin Scorsese
tt0339291,6,2022-02-28,A Series of Unfortunate Events,https://www.imdb.com/title/tt0339291/,movie,6.8,108,2004,"Adventure, Comedy, Family, Fantasy",214286,2004-12-16,Brad Silberling
tt3450958,8,2017-07-16,War for the Planet of the Apes,https://www.imdb.com/title/tt3450958/,movie,7.4,140,2017,"Action, Adventure, Drama, Sci-Fi, Thriller",266425,2017-07-07,Matt Reeves
tt3460252,8,2022-02-28,The Hateful Eight,https://www.imdb.com/title/tt3460252/,movie,7.8,168,2015,"Crime, Drama, Mystery, Thriller, Western",622910,2015-12-07,Quentin Tarantino
tt0347149,9,2021-02-07,Hauru no ugoku shiro,https://www.imdb.com/title/tt0347149/,movie,8.2,119,2004,"Animation, Adventure, Family, Fantasy",411299,2004-09-05,Hayao Miyazaki
tt3480822,7,2021-07-15,Black Widow,https://www.imdb.com/title/tt3480822/,movie,6.7,134,2021,"Action, Adventure, Sci-Fi",396400,2021-06-30,Cate Shortland
tt3498820,8,2017-05-22,Captain America: Civil War,https://www.imdb.com/title/tt3498820/,movie,7.8,147,2016,"Action, Sci-Fi",810863,2016-04-12,"Anthony Russo, Joe Russo"
tt3501632,10,2017-11-06,Thor: Ragnarok,https://www.imdb.com/title/tt3501632/,movie,7.9,130,2017,"Action, Adventure, Comedy, Fantasy, Sci-Fi",775172,2017-10-10,Taika Waititi
tt0351283,7,2017-10-02,Madagascar,https://www.imdb.com/title/tt0351283/,movie,6.9,86,2005,"Animation, Adventure, Comedy, Family",417160,2005-05-25,"Tom McGrath, Eric Darnell"
tt3521126,7,2022-05-08,The Disaster Artist,https://www.imdb.com/title/tt3521126/,movie,7.3,104,2017,"Biography, Comedy, Drama",158474,2017-09-11,James Franco
tt3526078,8,2022-07-29,Schitt's Creek,https://www.imdb.com/title/tt3526078/,tvSeries,8.5,22,2015,Comedy,129794,2015-01-13,
tt0358082,7,2017-09-09,Robots,https://www.imdb.com/title/tt0358082/,movie,6.4,91,2005,"Animation, Adventure, Comedy, Family, Romance, Sci-Fi",153988,2005-03-10,"Chris Wedge, Carlos Saldanha"
tt0360717,8,2017-03-01,King Kong,https://www.imdb.com/title/tt0360717/,movie,7.2,187,2005,"Action, Adventure, Drama, Romance",433053,2005-12-05,Peter Jackson
tt0361748,8,2020-06-11,Inglourious Basterds,https://www.imdb.com/title/tt0361748/,movie,8.3,153,2009,"Adventure, Drama, War",1490470,2009-05-20,Quentin Tarantino
tt0361862,10,2017-03-03,The Machinist,https://www.imdb.com/title/tt0361862/,movie,7.7,101,2004,"Drama, Thriller",400692,2004-01-18,Brad Anderson
tt3659388,10,2017-02-27,The Martian,https://www.imdb.com/title/tt3659388/,movie,8.0,144,2015,"Adventure, Drama, Sci-Fi",878564,2015-09-11,Ridley Scott
tt0036775,9,2018-10-16,Double Indemnity,https://www.imdb.com/title/tt0036775/,movie,8.3,107,1944,"Crime, Drama, Film-Noir, Mystery, Thriller",160734,1944-04-24,Billy Wilder
tt0371746,10,2017-05-22,Iron Man,https://www.imdb.com/title/tt0371746/,movie,7.9,126,2008,"Action, Adventure, Sci-Fi",1081564,2008-04-14,Jon Favreau
tt0372784,10,2017-01-08,Batman Begins,https://www.imdb.com/title/tt0372784/,movie,8.2,140,2005,"Action, Crime, Drama",1502087,2005-05-31,Christopher Nolan
tt0373889,8,2017-04-16,Harry Potter and the Order of the Phoenix,https://www.imdb.com/title/tt0373889/,movie,7.5,138,2007,"Action, Adventure, Family, Fantasy, Mystery",600599,2007-06-28,David Yates
tt0375679,6,2022-02-28,Crash,https://www.imdb.com/title/tt0375679/,movie,7.7,112,2004,"Crime, Drama, Thriller",442282,2004-09-10,Paul Haggis
tt0376994,7,2017-06-22,X-Men: The Last Stand,https://www.imdb.com/title/tt0376994/,movie,6.6,104,2006,"Action, Adventure, Sci-Fi",526638,2006-05-22,Brett Ratner
tt3783958,9,2022-02-28,La La Land,https://www.imdb.com/title/tt3783958/,movie,8.0,128,2016,"Comedy, Drama, Music, Musical, Romance",614654,2016-08-31,Damien Chazelle
tt0381681,9,2020-06-11,Before Sunset,https://www.imdb.com/title/tt0381681/,movie,8.1,80,2004,"Drama, Romance",273621,2004-02-10,Richard Linklater
tt0382932,8,2017-10-02,Ratatouille,https://www.imdb.com/title/tt0382932/,movie,8.1,111,2007,"Animation, Adventure, Comedy, Family, Fantasy",765302,2007-06-22,"Brad Bird, Jan Pinkava"
tt3829920,10,2017-11-20,Only the Brave,https://www.imdb.com/title/tt3829920/,movie,7.6,134,2017,"Action, Biography, Drama",73014,2017-10-18,Joseph Kosinski
tt0383795,10,2018-02-13,The Joy of Painting,https://www.imdb.com/title/tt0383795/,tvSeries,9.3,25,1983,"Documentary, Family",5738,1983-01-11,
tt0386588,8,2018-01-10,Hitch,https://www.imdb.com/title/tt0386588/,movie,6.6,118,2005,"Comedy, Romance",324764,2005-02-10,Andy Tennant
tt0386676,10,2022-02-28,The Office,https://www.imdb.com/title/tt0386676/,tvSeries,9.0,22,2005,Comedy,640369,2005-03-24,
tt0387564,10,2017-02-26,Saw,https://www.imdb.com/title/tt0387564/,movie,7.6,103,2004,"Horror, Mystery, Thriller",434961,2004-01-19,James Wan
tt3890160,10,2017-06-30,Baby Driver,https://www.imdb.com/title/tt3890160/,movie,7.6,113,2017,"Action, Crime, Drama, Music",565861,2017-03-11,Edgar Wright
tt3896198,9,2017-05-10,Guardians of the Galaxy Vol. 2,https://www.imdb.com/title/tt3896198/,movie,7.6,136,2017,"Action, Adventure, Comedy, Sci-Fi",712597,2017-04-10,James Gunn
tt0389790,6,2017-09-09,Bee Movie,https://www.imdb.com/title/tt0389790/,movie,6.1,91,2007,"Animation, Adventure, Comedy, Drama, Family",169884,2007-10-28,"Simon J. Smith, Steve Hickner"
tt0396555,6,2017-09-09,Meet the Robinsons,https://www.imdb.com/title/tt0396555/,movie,6.8,95,2007,"Animation, Adventure, Comedy, Family, Music, Musical, Sci-Fi",105280,2007-03-23,Stephen J. Anderson
tt0397892,4,2017-09-09,Bolt,https://www.imdb.com/title/tt0397892/,movie,6.8,96,2008,"Animation, Adventure, Comedy, Crime, Drama, Family, Sci-Fi",218664,2008-11-17,"Byron Howard, Chris Williams"
tt0399295,8,2017-03-03,Lord of War,https://www.imdb.com/title/tt0399295/,movie,7.6,122,2005,"Crime, Drama",326016,2005-09-16,Andrew Niccol
tt0400717,3,2017-09-09,Open Season,https://www.imdb.com/title/tt0400717/,movie,6.1,86,2006,"Animation, Adventure, Comedy, Family",100906,2006-09-27,"Anthony Stacchi, Jill Culton, Roger Allers"
tt0401729,8,2017-04-16,John Carter,https://www.imdb.com/title/tt0401729/,movie,6.6,132,2012,"Action, Adventure, Sci-Fi",278699,2012-02-22,Andrew Stanton
tt0405094,10,2019-01-14,Das Leben der Anderen,https://www.imdb.com/title/tt0405094/,movie,8.4,137,2006,"Drama, Mystery, Thriller",396449,2006-03-15,Florian Henckel von Donnersmarck
tt0405159,8,2021-07-26,Million Dollar Baby,https://www.imdb.com/title/tt0405159/,movie,8.1,132,2004,"Drama, Sport",699618,2004-12-05,Clint Eastwood
tt0407887,9,2022-07-08,The Departed,https://www.imdb.com/title/tt0407887/,movie,8.5,151,2006,"Crime, Drama, Thriller",1355089,2006-09-26,Martin Scorsese
tt4087032,8,2017-07-10,Good Mythical Morning,https://www.imdb.com/title/tt4087032/,tvSeries,8.8,12,2012,"Comedy, Family, Talk-Show",2192,2012-01-09,
tt0409459,10,2017-03-03,Watchmen,https://www.imdb.com/title/tt0409459/,movie,7.6,162,2009,"Action, Drama, Mystery, Sci-Fi",562555,2009-02-23,Zack Snyder
tt0411008,9,2022-01-14,Lost,https://www.imdb.com/title/tt0411008/,tvSeries,8.3,44,2004,"Adventure, Drama, Fantasy, Mystery, Sci-Fi, Thriller",567730,2004-09-22,
tt0413300,6,2017-06-22,Spider-Man 3,https://www.imdb.com/title/tt0413300/,movie,6.3,139,2007,"Action, Adventure, Sci-Fi",607143,2007-04-03,Sam Raimi
tt4154756,8,2020-06-11,Avengers: Infinity War,https://www.imdb.com/title/tt4154756/,movie,8.4,149,2018,"Action, Adventure, Sci-Fi",1121716,2018-04-23,"Anthony Russo, Joe Russo"
tt4154796,8,2019-04-26,Avengers: Endgame,https://www.imdb.com/title/tt4154796/,movie,8.4,181,2019,"Action, Adventure, Drama, Sci-Fi",1178209,2019-04-22,"Anthony Russo, Joe Russo"
tt0416449,8,2017-10-21,300,https://www.imdb.com/title/tt0416449/,movie,7.6,117,2006,"Action, Drama",835983,2006-12-09,Zack Snyder
tt0417741,8,2023-02-24,Harry Potter and the Half-Blood Prince,https://www.imdb.com/title/tt0417741/,movie,7.6,153,2009,"Action, Adventure, Family, Fantasy, Mystery",563664,2009-07-06,David Yates
tt0418279,7,2023-02-24,Transformers,https://www.imdb.com/title/tt0418279/,movie,7.0,144,2007,"Action, Adventure, Sci-Fi",651160,2007-06-12,Michael Bay
tt0041959,10,2019-03-28,The Third Man,https://www.imdb.com/title/tt0041959/,movie,8.1,104,1949,"Film-Noir, Mystery, Thriller",175284,1949-09-01,Carol Reed
tt0424095,6,2017-09-09,Flushed Away,https://www.imdb.com/title/tt0424095/,movie,6.6,85,2006,"Animation, Action, Adventure, Comedy, Drama, Family, Romance",132004,2006-10-22,"Sam Fell, David Bowers"
tt4244994,7,2022-02-28,The Last Duel,https://www.imdb.com/title/tt4244994/,movie,7.4,152,2021,"Action, Drama, History, Thriller",165376,2021-09-10,Ridley Scott
tt0043014,10,2018-10-16,Sunset Blvd.,https://www.imdb.com/title/tt0043014/,movie,8.4,110,1950,"Drama, Film-Noir",226721,1950-08-04,Billy Wilder
tt0432283,10,2017-03-03,Fantastic Mr. Fox,https://www.imdb.com/title/tt0432283/,movie,7.9,87,2009,"Animation, Adventure, Comedy, Crime, Drama, Family",245232,2009-10-14,Wes Anderson
tt0433035,7,2023-02-24,Real Steel,https://www.imdb.com/title/tt0433035/,movie,7.0,127,2011,"Action, Drama, Sci-Fi, Sport",340147,2011-09-06,Shawn Levy
tt0435761,7,2018-10-16,Toy Story 3,https://www.imdb.com/title/tt0435761/,movie,8.3,103,2010,"Animation, Adventure, Comedy, Family, Fantasy",854337,2010-06-12,Lee Unkrich
tt0441773,7,2017-03-03,Kung Fu Panda,https://www.imdb.com/title/tt0441773/,movie,7.6,92,2008,"Animation, Action, Adventure, Comedy, Family, Fantasy",488162,2008-05-15,"John Stevenson, Mark Osborne"
tt4425200,9,2017-06-23,John Wick: Chapter 2,https://www.imdb.com/title/tt4425200/,movie,7.4,122,2017,"Action, Crime, Thriller",475393,2017-01-30,Chad Stahelski
tt0443706,8,2021-08-20,Zodiac,https://www.imdb.com/title/tt0443706/,movie,7.7,157,2007,"Crime, Drama, Mystery, Thriller",561070,2007-02-28,David Fincher
tt0448157,8,2017-06-22,Hancock,https://www.imdb.com/title/tt0448157/,movie,6.4,92,2008,"Action, Comedy, Drama, Fantasy",494728,2008-06-16,Peter Berg
tt0451079,6,2017-09-09,Horton Hears a Who!,https://www.imdb.com/title/tt0451079/,movie,6.8,86,2008,"Animation, Adventure, Comedy, Drama, Family, Fantasy, Music",145218,2008-03-03,"Jimmy Hayward, Steve Martino"
tt0451279,9,2017-11-20,Wonder Woman,https://www.imdb.com/title/tt0451279/,movie,7.4,141,2017,"Action, Adventure, Fantasy, Sci-Fi, War",673925,2017-05-15,Patty Jenkins
tt0454876,8,2017-03-03,Life of Pi,https://www.imdb.com/title/tt0454876/,movie,7.9,127,2012,"Adventure, Drama, Fantasy",644979,2012-09-28,Ang Lee
tt0454921,9,2017-06-22,The Pursuit of Happyness,https://www.imdb.com/title/tt0454921/,movie,8.0,117,2006,"Biography, Drama",530261,2006-12-15,Gabriele Muccino
tt0458339,8,2017-05-22,Captain America: The First Avenger,https://www.imdb.com/title/tt0458339/,movie,6.9,124,2011,"Action, Adventure, Sci-Fi",864029,2011-07-19,Joe Johnston
tt0458525,8,2017-06-22,X-Men Origins: Wolverine,https://www.imdb.com/title/tt0458525/,movie,6.5,107,2009,"Action, Sci-Fi",515234,2009-04-08,Gavin Hood
tt0046268,9,2021-07-26,Le salaire de la peur,https://www.imdb.com/title/tt0046268/,movie,8.2,131,1953,"Adventure, Drama, Thriller",63134,1953-04-15,Henri-Georges Clouzot
tt4633694,9,2020-06-11,Spider-Man: Into the Spider-Verse,https://www.imdb.com/title/tt4633694/,movie,8.4,117,2018,"Animation, Action, Adventure, Comedy, Family, Fantasy, Sci-Fi",562962,2018-12-06,"Rodney Rothman, Peter Ramsey, Bob Persichetti"
tt0468569,8,2022-08-22,The Dark Knight,https://www.imdb.com/title/tt0468569/,movie,9.0,152,2008,"Action, Crime, Drama, Thriller",2715818,2008-07-14,Christopher Nolan
tt0469494,8,2018-11-23,There Will Be Blood,https://www.imdb.com/title/tt0469494/,movie,8.2,158,2007,Drama,601901,2007-09-27,Paul Thomas Anderson
tt0470752,9,2017-02-27,Ex Machina,https://www.imdb.com/title/tt0470752/,movie,7.7,108,2014,"Drama, Sci-Fi, Thriller",561381,2014-12-16,Alex Garland
tt0047396,10,2020-06-11,Rear Window,https://www.imdb.com/title/tt0047396/,movie,8.5,112,1954,"Mystery, Thriller",501574,1954-08-01,Alfred Hitchcock
tt0477348,10,2019-04-01,No Country for Old Men,https://www.imdb.com/title/tt0477348/,movie,8.2,122,2007,"Crime, Drama, Thriller",1000702,2007-05-19,"Joel Coen, Ethan Coen"
tt0478970,8,2018-04-29,Ant-Man,https://www.imdb.com/title/tt0478970/,movie,7.3,117,2015,"Action, Comedy, Sci-Fi",692256,2015-06-29,Peyton Reed
tt0480249,8,2023-02-24,I Am Legend,https://www.imdb.com/title/tt0480249/,movie,7.2,101,2007,"Action, Drama, Horror, Sci-Fi, Thriller",779411,2007-12-05,Francis Lawrence
tt0482571,9,2020-06-11,The Prestige,https://www.imdb.com/title/tt0482571/,movie,8.5,130,2006,"Drama, Mystery, Sci-Fi, Thriller",1363330,2006-10-17,Christopher Nolan
tt0048545,8,2017-05-06,Rebel Without a Cause,https://www.imdb.com/title/tt0048545/,movie,7.6,111,1955,Drama,93882,1955-10-26,Nicholas Ray
tt4925292,8,2018-03-05,Lady Bird,https://www.imdb.com/title/tt4925292/,movie,7.4,94,2017,"Comedy, Drama",303897,2017-09-01,Greta Gerwig
tt0493430,10,2017-06-24,Jackass Number Two,https://www.imdb.com/title/tt0493430/,movie,7.0,92,2006,"Documentary, Action, Comedy",78001,2006-09-21,Jeff Tremaine
tt4972582,8,2017-06-11,Split,https://www.imdb.com/title/tt4972582/,movie,7.3,117,2016,"Horror, Thriller",517205,2016-09-26,M. Night Shyamalan
tt4975722,10,2017-02-27,Moonlight,https://www.imdb.com/title/tt4975722/,movie,7.4,111,2016,Drama,317959,2016-09-02,Barry Jenkins
tt0499549,10,2017-02-27,Avatar,https://www.imdb.com/title/tt0499549/,movie,7.9,162,2009,"Action, Adventure, Fantasy, Sci-Fi",1341466,2009-12-10,James Cameron
tt0050083,10,2016-12-31,12 Angry Men,https://www.imdb.com/title/tt0050083/,movie,9.0,96,1957,"Crime, Drama",812013,1957-04-10,Sidney Lumet
tt5013056,10,2017-08-31,Dunkirk,https://www.imdb.com/title/tt5013056/,movie,7.8,106,2017,"Action, Drama, History, Thriller, War",681655,2017-07-13,Christopher Nolan
tt5027774,10,2018-02-25,"Three Billboards Outside Ebbing, Missouri",https://www.imdb.com/title/tt5027774/,movie,8.1,115,2017,"Comedy, Crime, Drama",525563,2017-09-04,Martin McDonagh
tt5052448,7,2022-02-28,Get Out,https://www.imdb.com/title/tt5052448/,movie,7.7,104,2017,"Horror, Mystery, Thriller",639980,2017-01-23,Jordan Peele
tt5071412,9,2020-04-11,Ozark,https://www.imdb.com/title/tt5071412/,tvSeries,8.5,60,2017,"Crime, Drama, Thriller",326783,2017-07-21,
tt0050825,9,2018-10-16,Paths of Glory,https://www.imdb.com/title/tt0050825/,movie,8.4,88,1957,"Drama, War",202095,1957-11-01,Stanley Kubrick
tt0051201,9,2021-07-27,Witness for the Prosecution,https://www.imdb.com/title/tt0051201/,movie,8.4,116,1957,"Crime, Drama, Mystery, Thriller",129417,1957-12-17,Billy Wilder
tt0052357,10,2020-06-11,Vertigo,https://www.imdb.com/title/tt0052357/,movie,8.3,128,1958,"Mystery, Romance, Thriller",410632,1958-05-09,Alfred Hitchcock
tt0052520,10,2017-06-24,The Twilight Zone,https://www.imdb.com/title/tt0052520/,tvSeries,9.1,51,1959,"Drama, Fantasy, Horror, Mystery, Sci-Fi, Thriller",87153,1959-10-02,
tt5290382,10,2019-02-05,Mindhunter,https://www.imdb.com/title/tt5290382/,tvSeries,8.6,60,2017,"Crime, Drama, Mystery, Thriller",305556,2017-10-13,
tt0053125,8,2021-07-28,North by Northwest,https://www.imdb.com/title/tt0053125/,movie,8.3,136,1959,"Action, Adventure, Mystery, Thriller",334379,1959-07-01,Alfred Hitchcock
tt0054215,8,2020-06-11,Psycho,https://www.imdb.com/title/tt0054215/,movie,8.5,109,1960,"Horror, Mystery, Thriller",687117,1960-06-16,Alfred Hitchcock
tt5491994,10,2022-07-29,Planet Earth II,https://www.imdb.com/title/tt5491994/,tvMiniSeries,9.5,298,2016,Documentary,150230,2016-11-06,
tt5580390,10,2018-01-07,The Shape of Water,https://www.imdb.com/title/tt5580390/,movie,7.3,123,2017,"Drama, Fantasy, Romance",431901,2017-08-31,Guillermo del Toro
tt5697572,1,2021-06-29,Cats,https://www.imdb.com/title/tt5697572/,movie,2.8,110,2019,"Comedy, Drama, Family, Fantasy, Musical",53404,2019-12-16,Tom Hooper
tt0057115,10,2020-06-11,The Great Escape,https://www.imdb.com/title/tt0057115/,movie,8.2,172,1963,"Adventure, Drama, History, Thriller, War",249346,1963-06-20,John Sturges
tt0059742,8,2021-07-26,The Sound of Music,https://www.imdb.com/title/tt0059742/,movie,8.1,172,1965,"Biography, Drama, Family, Musical, Romance",244373,1965-03-02,Robert Wise
tt0060827,8,2021-02-07,Persona,https://www.imdb.com/title/tt0060827/,movie,8.1,85,1966,"Drama, Thriller",123513,1966-10-18,Ingmar Bergman
tt0061512,9,2021-07-26,Cool Hand Luke,https://www.imdb.com/title/tt0061512/,movie,8.1,127,1967,"Crime, Drama",181585,1967-11-01,Stuart Rosenberg
tt0063442,8,2023-02-24,Planet of the Apes,https://www.imdb.com/title/tt0063442/,movie,8.0,112,1968,"Adventure, Sci-Fi",185168,1968-02-08,Franklin J. Schaffner
tt0064115,10,2021-07-26,Butch Cassidy and the Sundance Kid,https://www.imdb.com/title/tt0064115/,movie,8.0,110,1969,"Biography, Crime, Drama, Western",220649,1969-09-23,George Roy Hill
tt6644200,10,2018-04-17,A Quiet Place,https://www.imdb.com/title/tt6644200/,movie,7.5,90,2018,"Drama, Horror, Sci-Fi",548974,2018-03-09,John Krasinski
tt0066921,9,2020-06-11,A Clockwork Orange,https://www.imdb.com/title/tt0066921/,movie,8.3,136,1971,"Crime, Sci-Fi",847314,1971-12-19,Stanley Kubrick
tt6723592,8,2022-02-28,Tenet,https://www.imdb.com/title/tt6723592/,movie,7.3,150,2020,"Action, Sci-Fi, Thriller",529819,2020-08-22,Christopher Nolan
tt6741278,8,2023-02-24,Invincible,https://www.imdb.com/title/tt6741278/,tvSeries,8.7,50,2021,"Animation, Action, Adventure, Drama, Fantasy, Sci-Fi, Thriller",152716,2021-03-25,
tt6769208,10,2021-08-26,Blue Planet II,https://www.imdb.com/title/tt6769208/,tvMiniSeries,9.3,364,2017,Documentary,43127,2017-10-29,
tt0068646,10,2022-03-24,The Godfather,https://www.imdb.com/title/tt0068646/,movie,9.2,175,1972,"Crime, Drama",1907504,1972-03-14,Francis Ford Coppola
tt6918740,10,2020-12-12,My Brother Jordan,https://www.imdb.com/title/tt6918740/,movie,8.3,63,2020,Documentary,706,2020-08-19,Justin Robinson
tt6966692,8,2019-05-30,Green Book,https://www.imdb.com/title/tt6966692/,movie,8.2,130,2018,"Biography, Comedy, Drama, Music",518341,2018-09-11,Peter Farrelly
tt0070047,8,2021-07-26,The Exorcist,https://www.imdb.com/title/tt0070047/,movie,8.1,122,1973,Horror,420856,1973-12-26,William Friedkin
tt0070735,10,2021-02-07,The Sting,https://www.imdb.com/title/tt0070735/,movie,8.3,129,1973,"Comedy, Crime, Drama",269392,1973-12-25,George Roy Hill
tt7097896,5,2022-01-14,Venom: Let There Be Carnage,https://www.imdb.com/title/tt7097896/,movie,5.9,97,2021,"Action, Sci-Fi, Thriller",236664,2021-09-14,Andy Serkis
tt0071230,7,2017-03-03,Blazing Saddles,https://www.imdb.com/title/tt0071230/,movie,7.7,93,1974,"Comedy, Western",144525,1974-02-07,Mel Brooks
tt7131622,9,2021-07-03,Once Upon a Time in... Hollywood,https://www.imdb.com/title/tt7131622/,movie,7.6,161,2019,"Comedy, Drama",776928,2019-05-21,Quentin Tarantino
tt7137906,8,2022-07-25,When They See Us,https://www.imdb.com/title/tt7137906/,tvMiniSeries,8.9,296,2019,"Biography, Crime, Drama, History",127741,2019-05-31,
tt0071562,10,2022-03-24,The Godfather Part II,https://www.imdb.com/title/tt0071562/,movie,9.0,202,1974,"Crime, Drama",1299808,1974-12-12,Francis Ford Coppola
tt0071853,9,2017-01-08,Monty Python and the Holy Grail,https://www.imdb.com/title/tt0071853/,movie,8.2,91,1975,"Adventure, Comedy, Fantasy",551527,1975-03-14,"Terry Jones, Terry Gilliam"
tt7286456,8,2022-08-22,Joker,https://www.imdb.com/title/tt7286456/,movie,8.4,122,2019,"Crime, Drama, Thriller",1352288,2019-08-31,Todd Phillips
tt0072890,8,2018-09-26,Dog Day Afternoon,https://www.imdb.com/title/tt0072890/,movie,8.0,125,1975,"Biography, Crime, Drama, Thriller",263597,1975-09-19,Sidney Lumet
tt0073195,9,2017-01-08,Jaws,https://www.imdb.com/title/tt0073195/,movie,8.1,124,1975,"Adventure, Mystery, Thriller",623276,1975-06-20,Steven Spielberg
tt0073486,10,2017-01-08,One Flew Over the Cuckoo's Nest,https://www.imdb.com/title/tt0073486/,movie,8.7,133,1975,Drama,1028043,1975-11-19,Milos Forman
tt7349950,6,2020-06-11,It Chapter Two,https://www.imdb.com/title/tt7349950/,movie,6.5,169,2019,"Drama, Fantasy, Horror",279737,2019-08-26,Andy Muschietti
tt7366338,10,2020-04-11,Chernobyl,https://www.imdb.com/title/tt7366338/,tvMiniSeries,9.4,330,2019,"Drama, History, Thriller",796825,2019-05-06,
tt0074958,8,2018-10-31,Network,https://www.imdb.com/title/tt0074958/,movie,8.1,121,1976,Drama,163394,1976-11-14,Sidney Lumet
tt0075148,10,2017-01-08,Rocky,https://www.imdb.com/title/tt0075148/,movie,8.1,120,1976,"Drama, Sport",597784,1976-11-20,John G. Avildsen
tt0075314,10,2017-01-08,Taxi Driver,https://www.imdb.com/title/tt0075314/,movie,8.2,114,1976,"Crime, Drama",863012,1976-02-08,Martin Scorsese
tt0075860,8,2023-02-24,Close Encounters of the Third Kind,https://www.imdb.com/title/tt0075860/,movie,7.6,138,1977,"Drama, Sci-Fi",208233,1977-11-15,Steven Spielberg
tt0758758,10,2017-12-31,Into the Wild,https://www.imdb.com/title/tt0758758/,movie,8.1,148,2007,"Adventure, Biography, Drama",634757,2007-09-01,Sean Penn
tt7653254,9,2022-02-28,Marriage Story,https://www.imdb.com/title/tt7653254/,movie,7.9,137,2019,"Drama, Romance",324206,2019-08-29,Noah Baumbach
tt7660850,8,2022-07-25,Succession,https://www.imdb.com/title/tt7660850/,tvSeries,8.8,60,2018,"Comedy, Drama",189587,2018-04-27,
tt0076759,8,2022-08-12,Star Wars,https://www.imdb.com/title/tt0076759/,movie,8.6,121,1977,"Action, Adventure, Fantasy, Sci-Fi",1392530,1977-05-25,George Lucas
tt0770828,9,2017-06-22,Man of Steel,https://www.imdb.com/title/tt0770828/,movie,7.1,143,2013,"Action, Adventure, Sci-Fi",785758,2013-06-10,Zack Snyder
tt7775622,9,2019-03-04,Free Solo,https://www.imdb.com/title/tt7775622/,movie,8.1,100,2018,"Documentary, Adventure, Sport",72140,2018-08-31,"Jimmy Chin, Elizabeth Chai Vasarhelyi"
tt7784604,7,2021-07-03,Hereditary,https://www.imdb.com/title/tt7784604/,movie,7.3,127,2018,"Drama, Horror, Mystery, Thriller",341034,2018-01-21,Ari Aster
tt0780504,10,2017-02-19,Drive,https://www.imdb.com/title/tt0780504/,movie,7.8,100,2011,"Action, Drama",663739,2011-05-20,Nicolas Winding Refn
tt0078748,9,2022-07-08,Alien,https://www.imdb.com/title/tt0078748/,movie,8.5,117,1979,"Horror, Sci-Fi",902552,1979-05-25,Ridley Scott
tt0078788,10,2017-01-08,Apocalypse Now,https://www.imdb.com/title/tt0078788/,movie,8.4,147,1979,"Drama, Mystery, War",681737,1979-05-19,Francis Ford Coppola
tt0795176,10,2022-07-29,Planet Earth,https://www.imdb.com/title/tt0795176/,tvMiniSeries,9.4,538,2006,Documentary,213632,2006-02-27,
tt0079817,8,2017-06-22,Rocky II,https://www.imdb.com/title/tt0079817/,movie,7.3,119,1979,"Drama, Sport",220611,1979-06-14,Sylvester Stallone
tt7984734,7,2022-05-08,The Lighthouse,https://www.imdb.com/title/tt7984734/,movie,7.4,109,2019,"Drama, Fantasy, Mystery, Thriller",230901,2019-05-19,Robert Eggers
tt0800080,8,2017-05-22,The Incredible Hulk,https://www.imdb.com/title/tt0800080/,movie,6.6,112,2008,"Action, Adventure, Sci-Fi",504904,2008-06-06,Louis Leterrier
tt0800369,7,2022-05-08,Thor,https://www.imdb.com/title/tt0800369/,movie,7.0,115,2011,"Action, Fantasy",867488,2011-04-17,Kenneth Branagh
tt0080339,1,2017-03-03,Airplane!,https://www.imdb.com/title/tt0080339/,movie,7.7,88,1980,Comedy,248428,1980-07-02,"Jim Abrahams, Jerry Zucker, David Zucker"
tt0080678,10,2017-05-06,The Elephant Man,https://www.imdb.com/title/tt0080678/,movie,8.2,124,1980,"Biography, Drama",247675,1980-10-02,David Lynch
tt0814314,10,2017-03-03,Seven Pounds,https://www.imdb.com/title/tt0814314/,movie,7.6,123,2008,Drama,308397,2008-12-19,Gabriele Muccino
tt0081505,9,2019-03-26,The Shining,https://www.imdb.com/title/tt0081505/,movie,8.4,146,1980,"Drama, Horror",1048205,1980-05-23,Stanley Kubrick
tt0816692,10,2017-01-08,Interstellar,https://www.imdb.com/title/tt0816692/,movie,8.7,169,2014,"Adventure, Drama, Sci-Fi",1907537,2014-10-26,Christopher Nolan
tt0816711,8,2017-06-22,World War Z,https://www.imdb.com/title/tt0816711/,movie,7.0,116,2013,"Action, Adventure, Horror, Sci-Fi",687029,2013-06-02,Marc Forster
tt0082010,7,2017-10-22,An American Werewolf in London,https://www.imdb.com/title/tt0082010/,movie,7.5,97,1981,"Comedy, Horror",112769,1981-08-21,John Landis
tt0082971,9,2022-07-10,Raiders of the Lost Ark,https://www.imdb.com/title/tt0082971/,movie,8.4,115,1981,"Action, Adventure",985448,1981-06-12,Steven Spielberg
tt0083658,10,2017-10-27,Blade Runner,https://www.imdb.com/title/tt0083658/,movie,8.1,117,1982,"Action, Drama, Sci-Fi, Thriller",787314,1982-06-25,Ridley Scott
tt0083866,9,2017-03-03,E.T. the Extra-Terrestrial,https://www.imdb.com/title/tt0083866/,movie,7.9,115,1982,"Adventure, Family, Sci-Fi",420542,1982-05-26,Steven Spielberg
tt0083907,8,2023-02-24,The Evil Dead,https://www.imdb.com/title/tt0083907/,movie,7.4,85,1981,Horror,221035,1981-10-15,Sam Raimi
tt0844471,8,2017-09-09,Cloudy with a Chance of Meatballs,https://www.imdb.com/title/tt0844471/,movie,6.9,90,2009,"Animation, Adventure, Comedy, Family, Fantasy, Sci-Fi",243532,2009-09-12,"Christopher Miller, Phil Lord"
tt0084602,6,2017-06-22,Rocky III,https://www.imdb.com/title/tt0084602/,movie,6.8,99,1982,"Drama, Sport",201383,1982-05-24,Sylvester Stallone
tt0084787,9,2017-01-08,The Thing,https://www.imdb.com/title/tt0084787/,movie,8.2,109,1982,"Horror, Mystery, Sci-Fi",438167,1982-06-25,John Carpenter
tt0848228,10,2017-05-22,The Avengers,https://www.imdb.com/title/tt0848228/,movie,8.0,143,2012,"Action, Sci-Fi",1415092,2012-04-11,Joss Whedon
tt8579674,9,2020-12-13,1917,https://www.imdb.com/title/tt8579674/,movie,8.2,119,2019,"Action, Drama, War",620015,2019-12-04,Sam Mendes
tt0086250,8,2020-06-11,Scarface,https://www.imdb.com/title/tt0086250/,movie,8.3,170,1983,"Crime, Drama",865283,1983-12-01,Brian De Palma
tt0086969,10,2017-04-01,Birdy,https://www.imdb.com/title/tt0086969/,movie,7.2,120,1984,"Drama, War",24036,1984-12-21,Alan Parker
tt0087332,8,2023-02-24,Ghostbusters,https://www.imdb.com/title/tt0087332/,movie,7.8,105,1984,"Action, Comedy, Fantasy, Sci-Fi",425453,1984-06-07,Ivan Reitman
tt8772262,8,2021-07-03,Midsommar,https://www.imdb.com/title/tt8772262/,movie,7.1,148,2019,"Drama, Horror, Mystery, Thriller",351016,2019-06-24,Ari Aster
tt8772296,9,2022-03-05,Euphoria,https://www.imdb.com/title/tt8772296/,tvSeries,8.3,55,2019,Drama,205214,2019-06-16,
tt0087800,8,2022-05-08,A Nightmare on Elm Street,https://www.imdb.com/title/tt0087800/,movie,7.4,91,1984,Horror,248106,1984-10-31,Wes Craven
tt0088247,10,2017-01-08,The Terminator,https://www.imdb.com/title/tt0088247/,movie,8.1,107,1984,"Action, Sci-Fi",884702,1984-10-26,James Cameron
tt8847712,8,2022-02-28,The French Dispatch,https://www.imdb.com/title/tt8847712/,movie,7.1,107,2021,"Comedy, Drama, Romance",133504,2021-07-12,Wes Anderson
tt0088763,8,2020-06-11,Back to the Future,https://www.imdb.com/title/tt0088763/,movie,8.5,116,1985,"Adventure, Comedy, Sci-Fi",1237450,1985-07-03,Robert Zemeckis
tt0887912,10,2017-03-03,The Hurt Locker,https://www.imdb.com/title/tt0887912/,movie,7.5,131,2008,"Drama, Thriller, War",460950,2008-09-04,Kathryn Bigelow
tt0089218,9,2017-03-03,The Goonies,https://www.imdb.com/title/tt0089218/,movie,7.7,114,1985,"Adventure, Comedy, Family",284705,1985-06-07,Richard Donner
tt0892769,8,2018-12-30,How to Train Your Dragon,https://www.imdb.com/title/tt0892769/,movie,8.1,98,2010,"Animation, Action, Adventure, Comedy, Family, Fantasy",760539,2010-03-18,"Chris Sanders, Dean DeBlois"
tt0892782,7,2017-09-09,Monsters vs. Aliens,https://www.imdb.com/title/tt0892782/,movie,6.4,94,2009,"Animation, Action, Adventure, Comedy, Family, Fantasy, Sci-Fi",168821,2009-03-09,"Conrad Vernon, Rob Letterman"
tt8946378,8,2020-12-13,Knives Out,https://www.imdb.com/title/tt8946378/,movie,7.9,130,2019,"Comedy, Crime, Drama, Mystery, Thriller",726519,2019-09-07,Rian Johnson
tt0089927,8,2017-06-22,Rocky IV,https://www.imdb.com/title/tt0089927/,movie,6.9,91,1985,"Drama, Sport",216137,1985-11-21,Sylvester Stallone
tt0903624,10,2017-03-03,The Hobbit: An Unexpected Journey,https://www.imdb.com/title/tt0903624/,movie,7.8,169,2012,"Adventure, Fantasy",843597,2012-11-28,Peter Jackson
tt0903747,10,2017-06-24,Breaking Bad,https://www.imdb.com/title/tt0903747/,tvSeries,9.5,49,2008,"Crime, Drama, Thriller",1976864,2008-01-20,
tt0090605,8,2020-06-11,Aliens,https://www.imdb.com/title/tt0090605/,movie,8.4,137,1986,"Action, Adventure, Sci-Fi, Thriller",732022,1986-07-14,James Cameron
tt0091042,9,2017-03-03,Ferris Bueller's Day Off,https://www.imdb.com/title/tt0091042/,movie,7.8,103,1986,Comedy,369287,1986-06-11,John Hughes
tt0091064,10,2017-03-03,The Fly,https://www.imdb.com/title/tt0091064/,movie,7.6,96,1986,"Drama, Horror, Sci-Fi",190866,1986-08-15,David Cronenberg
tt0910970,8,2017-01-08,WALL·E,https://www.imdb.com/title/tt0910970/,movie,8.4,98,2008,"Animation, Adventure, Family, Sci-Fi",1141831,2008-06-21,Andrew Stanton
tt0091251,9,2022-07-10,Idi i smotri,https://www.imdb.com/title/tt0091251/,movie,8.4,142,1985,"Drama, Thriller, War",85698,1985-07-09,Elem Klimov
tt0914798,10,2017-03-03,The Boy in the Striped Pajamas,https://www.imdb.com/title/tt0914798/,movie,7.7,94,2008,"Drama, War",229546,2008-08-28,Mark Herman
tt9174558,7,2022-07-29,Dopesick,https://www.imdb.com/title/tt9174558/,tvMiniSeries,8.6,492,2021,Drama,63931,2021-10-13,
tt0091763,10,2017-01-08,Platoon,https://www.imdb.com/title/tt0091763/,movie,8.1,120,1986,"Drama, War",423038,1986-12-19,Oliver Stone
tt0918940,6,2017-03-01,The Legend of Tarzan,https://www.imdb.com/title/tt0918940/,movie,6.2,110,2016,"Action, Adventure, Drama, Fantasy, Romance",181261,2016-06-27,David Yates
tt0092005,9,2018-02-04,Stand by Me,https://www.imdb.com/title/tt0092005/,movie,8.1,89,1986,"Adventure, Drama",417032,1986-08-06,Rob Reiner
tt0092067,10,2017-05-22,Tenkû no shiro Rapyuta,https://www.imdb.com/title/tt0092067/,movie,8.0,125,1986,"Animation, Adventure, Family, Fantasy",171735,1986-08-02,Hayao Miyazaki
tt0092099,6,2022-07-09,Top Gun,https://www.imdb.com/title/tt0092099/,movie,6.9,109,1986,"Action, Drama",473984,1986-05-12,Tony Scott
tt9243804,5,2021-08-24,The Green Knight,https://www.imdb.com/title/tt9243804/,movie,6.6,130,2021,"Adventure, Drama, Fantasy",107389,2021-07-29,David Lowery
tt9243946,8,2023-02-24,El Camino: A Breaking Bad Movie,https://www.imdb.com/title/tt9243946/,movie,7.3,122,2019,"Action, Crime, Drama, Thriller",266737,2019-10-07,Vince Gilligan
tt0926084,8,2023-02-24,Harry Potter and the Deathly Hallows: Part 1,https://www.imdb.com/title/tt0926084/,movie,7.7,146,2010,"Adventure, Family, Fantasy, Mystery",567317,2010-11-11,David Yates
tt0093058,9,2020-06-11,Full Metal Jacket,https://www.imdb.com/title/tt0093058/,movie,8.3,116,1987,"Drama, War",758189,1987-06-17,Stanley Kubrick
tt0936501,7,2017-03-03,Taken,https://www.imdb.com/title/tt0936501/,movie,7.8,90,2008,"Action, Crime, Thriller",614378,2008-02-16,Pierre Morel
tt0093773,7,2020-07-06,Predator,https://www.imdb.com/title/tt0093773/,movie,7.8,107,1987,"Action, Adventure, Horror, Sci-Fi",434129,1987-06-12,John McTiernan
tt0093779,8,2017-01-08,The Princess Bride,https://www.imdb.com/title/tt0093779/,movie,8.0,98,1987,"Adventure, Comedy, Family, Fantasy, Romance",435848,1987-09-18,Rob Reiner
tt0093870,10,2017-03-03,RoboCop,https://www.imdb.com/title/tt0093870/,movie,7.6,102,1987,"Action, Crime, Sci-Fi, Thriller",267226,1987-07-17,Paul Verhoeven
tt0942385,7,2017-08-09,Tropic Thunder,https://www.imdb.com/title/tt0942385/,movie,7.1,107,2008,"Action, Comedy, War",428952,2008-08-11,Ben Stiller
tt0944947,9,2022-12-12,Game of Thrones,https://www.imdb.com/title/tt0944947/,tvSeries,9.2,57,2011,"Action, Adventure, Drama, Fantasy",2162456,2011-04-16,
tt0945513,8,2019-11-24,Source Code,https://www.imdb.com/title/tt0945513/,movie,7.5,93,2011,"Action, Drama, Mystery, Sci-Fi, Thriller",530692,2011-03-11,Duncan Jones
tt0094721,6,2023-02-24,Beetle Juice,https://www.imdb.com/title/tt0094721/,movie,7.5,92,1988,"Comedy, Fantasy",315526,1988-03-29,Tim Burton
tt0947798,8,2022-02-28,Black Swan,https://www.imdb.com/title/tt0947798/,movie,8.0,108,2010,"Drama, Thriller",788144,2010-09-01,Darren Aronofsky
tt0948470,7,2022-05-08,The Amazing Spider-Man,https://www.imdb.com/title/tt0948470/,movie,6.9,136,2012,"Action, Adventure, Sci-Fi",671862,2012-06-13,Marc Webb
tt0095016,9,2022-07-08,Die Hard,https://www.imdb.com/title/tt0095016/,movie,8.2,132,1988,"Action, Thriller",900790,1988-07-12,John McTiernan
tt0095327,7,2021-02-07,Hotaru no haka,https://www.imdb.com/title/tt0095327/,movie,8.5,89,1988,"Animation, Drama, War",286982,1988-04-16,Isao Takahata
tt9561862,7,2022-07-25,"Love, Death & Robots",https://www.imdb.com/title/tt9561862/,tvSeries,8.4,15,2019,"Animation, Short, Action, Adventure, Comedy, Drama, Fantasy, Horror, Mystery, Sci-Fi, Thriller",179064,2019-03-15,
tt0964517,10,2017-03-03,The Fighter,https://www.imdb.com/title/tt0964517/,movie,7.8,116,2010,"Action, Biography, Drama, Sport",376757,2010-12-06,David O. Russell
tt0096874,10,2017-03-03,Back to the Future Part II,https://www.imdb.com/title/tt0096874/,movie,7.8,108,1989,"Adventure, Comedy, Sci-Fi",547727,1989-11-20,Robert Zemeckis
tt0096895,9,2017-03-03,Batman,https://www.imdb.com/title/tt0096895/,movie,7.5,126,1989,"Action, Adventure",386985,1989-06-19,Tim Burton
tt0096928,10,2017-01-28,Bill & Ted's Excellent Adventure,https://www.imdb.com/title/tt0096928/,movie,6.9,90,1989,"Adventure, Comedy, Music, Romance, Sci-Fi",135808,1989-02-17,Stephen Herek
tt0970179,8,2017-03-03,Hugo,https://www.imdb.com/title/tt0970179/,movie,7.5,126,2011,"Adventure, Drama, Family, Fantasy, Mystery",328602,2011-10-10,Martin Scorsese
tt0097165,10,2021-03-06,Dead Poets Society,https://www.imdb.com/title/tt0097165/,movie,8.1,128,1989,"Comedy, Drama",509219,1989-06-02,Peter Weir
tt9735318,10,2021-12-03,The Beatles: Get Back,https://www.imdb.com/title/tt9735318/,tvMiniSeries,9.0,468,2021,"Documentary, Biography, Music",24867,2021-11-25,
tt0974015,8,2017-11-20,Justice League,https://www.imdb.com/title/tt0974015/,movie,6.1,120,2017,"Action, Adventure, Fantasy, Sci-Fi",462792,2017-10-26,Zack Snyder
tt9764362,6,2023-02-24,The Menu,https://www.imdb.com/title/tt9764362/,movie,7.2,107,2022,"Comedy, Horror, Thriller",314656,2022-09-10,Mark Mylod
tt0097958,7,2018-01-07,National Lampoon's Christmas Vacation,https://www.imdb.com/title/tt0097958/,movie,7.5,97,1989,Comedy,203973,1989-11-30,Jeremiah S. Chechik
tt0098904,9,2017-06-24,Seinfeld,https://www.imdb.com/title/tt0098904/,tvSeries,8.9,22,1989,Comedy,331071,1989-05-06,
tt0993846,9,2020-06-11,The Wolf of Wall Street,https://www.imdb.com/title/tt0993846/,movie,8.2,180,2013,"Biography, Comedy, Crime, Drama",1461256,2013-12-09,Martin Scorsese
tt0099487,7,2017-03-03,Edward Scissorhands,https://www.imdb.com/title/tt0099487/,movie,7.9,105,1990,"Drama, Fantasy, Romance",502620,1990-12-06,Tim Burton
tt0099685,10,2017-01-08,GoodFellas,https://www.imdb.com/title/tt0099685/,movie,8.7,145,1990,"Biography, Crime, Drama",1190447,1990-09-09,Martin Scorsese
tt0099785,6,2018-01-07,Home Alone,https://www.imdb.com/title/tt0099785/,movie,7.7,103,1990,"Comedy, Family",603968,1990-11-10,Chris Columbus
tt0099871,9,2017-03-03,Jacob's Ladder,https://www.imdb.com/title/tt0099871/,movie,7.4,113,1990,"Drama, Horror, Mystery",112673,1990-10-29,Adrian Lyne
